Time (ms), Voltage (V), Raw reading,V*dt,,,,Resistance,1000
359771,0,0,,,,,Ah,1890.221472
359782,0,0,0,,,,Time,47.81
359792,0,0,0,,,,,
359803,0,0,0,,,Integral V*dt,1.61545,
359815,0,0,0,,,,,
359826,0,1,0,,,,,
359837,0,1,0,,,,,
359848,0.01,3,0.00011,,,,,
359860,0.01,2,0.00012,,,,,
359871,0.02,4,0.00022,,,,,
359882,0.02,5,0.00022,,,,,
359894,0.03,6,0.00036,,,,,
359905,0,0,0,,,,,
359915,0,0,0,,,,,
359926,0.05,11,0.00055,,,,,
359938,0.04,9,0.00048,,,,,
359949,0.07,14,0.00077,,,,,
359960,0,0,0,,,,,
359971,0,0,0,,,,,
359983,0.08,17,0.00096,,,,,
359994,0.07,14,0.00077,,,,,
360005,0,0,0,,,,,
360016,0,0,0,,,,,
360027,0.04,8,0.00044,,,,,
360038,0.09,18,0.00099,,,,,
360050,0.1,21,0.0012,,,,,
360064,0.09,18,0.00126,,,,,
360075,0.11,22,0.00121,,,,,
360086,0.11,23,0.00121,,,,,
360097,0.04,8,0.00044,,,,,
360109,0,0,0,,,,,
360120,0.01,3,0.00011,,,,,
360131,0,1,0,,,,,
360165,0.08,17,0.00272,,,,,
360176,0,0,0,,,,,
360187,0.06,12,0.00066,,,,,
360199,0.11,23,0.00132,,,,,
360210,0.01,2,0.00011,,,,,
360221,0.02,5,0.00022,,,,,
360232,0.03,6,0.00033,,,,,
360244,0.04,8,0.00048,,,,,
360255,0.09,19,0.00099,,,,,
360266,0.07,15,0.00077,,,,,
360278,0.07,14,0.00084,,,,,
360289,0.08,16,0.00088,,,,,
360300,0.02,4,0.00022,,,,,
360310,0.11,22,0.0011,,,,,
360322,0,0,0,,,,,
360333,0.1,20,0.0011,,,,,
360344,0,0,0,,,,,
360355,0.08,16,0.00088,,,,,
360367,0.12,25,0.00144,,,,,
360378,0,0,0,,,,,
360389,0.1,20,0.0011,,,,,
360400,0.14,28,0.00154,,,,,
360412,0.05,10,0.0006,,,,,
360423,0.01,3,0.00011,,,,,
360434,0.08,17,0.00088,,,,,
360445,0.09,18,0.00099,,,,,
360457,0,0,0,,,,,
360467,0.07,15,0.0007,,,,,
360481,0.14,28,0.00196,,,,,
360493,0.11,22,0.00132,,,,,
360504,0,0,0,,,,,
360515,0.08,16,0.00088,,,,,
360526,0.13,26,0.00143,,,,,
360538,0.06,12,0.00072,,,,,
360549,0.12,24,0.00132,,,,,
360560,0.1,20,0.0011,,,,,
360571,0.15,31,0.00165,,,,,
360583,0.07,14,0.00084,,,,,
360594,0.05,10,0.00055,,,,,
360605,0.1,21,0.0011,,,,,
360615,0.13,27,0.0013,,,,,
360627,0.12,24,0.00144,,,,,
360638,0.07,15,0.00077,,,,,
360649,0.14,28,0.00154,,,,,
360660,0.13,27,0.00143,,,,,
360672,0.11,23,0.00132,,,,,
360683,0.18,36,0.00198,,,,,
360694,0.15,31,0.00165,,,,,
360706,0.19,38,0.00228,,,,,
360717,0.17,35,0.00187,,,,,
360728,0.21,42,0.00231,,,,,
360739,0.12,24,0.00132,,,,,
360751,0.2,41,0.0024,,,,,
360762,0.02,4,0.00022,,,,,
360773,0.19,38,0.00209,,,,,
360783,0.23,47,0.0023,,,,,
360795,0.16,32,0.00192,,,,,
360806,0.19,38,0.00209,,,,,
360817,0.22,45,0.00242,,,,,
360828,0.2,40,0.0022,,,,,
360840,0.2,40,0.0024,,,,,
360851,0.18,37,0.00198,,,,,
360862,0.13,26,0.00143,,,,,
360871,0.23,48,0.00207,,,,,
360883,0.22,44,0.00264,,,,,
360894,0.22,46,0.00242,,,,,
360905,0.24,49,0.00264,,,,,
360916,0.25,52,0.00275,,,,,
360928,0.25,51,0.003,,,,,
360938,0.19,39,0.0019,,,,,
360949,0.16,33,0.00176,,,,,
360961,0.18,36,0.00216,,,,,
360972,0.23,47,0.00253,,,,,
360983,0.28,57,0.00308,,,,,
360994,0.19,38,0.00209,,,,,
361006,0.18,36,0.00216,,,,,
361017,0.24,50,0.00264,,,,,
361028,0.22,44,0.00242,,,,,
361039,0.18,36,0.00198,,,,,
361051,0.28,58,0.00336,,,,,
361062,0.22,45,0.00242,,,,,
361073,0.16,33,0.00176,,,,,
361084,0.26,54,0.00286,,,,,
361096,0.24,49,0.00288,,,,,
361106,0.29,60,0.0029,,,,,
361117,0.22,46,0.00242,,,,,
361128,0.31,63,0.00341,,,,,
361140,0.31,63,0.00372,,,,,
361151,0.32,66,0.00352,,,,,
361162,0.34,69,0.00374,,,,,
361174,0.19,38,0.00228,,,,,
361185,0.33,68,0.00363,,,,,
361196,0.29,59,0.00319,,,,,
361207,0.37,75,0.00407,,,,,
361219,0.33,68,0.00396,,,,,
361230,0.34,69,0.00374,,,,,
361241,0.35,71,0.00385,,,,,
361255,0.37,76,0.00518,,,,,
361267,0.28,57,0.00336,,,,,
361278,0.37,75,0.00407,,,,,
361289,0.31,64,0.00341,,,,,
361299,0.34,70,0.0034,,,,,
361311,0.39,79,0.00468,,,,,
361322,0.06,12,0.00066,,,,,
361333,0.44,90,0.00484,,,,,
361345,0.23,48,0.00276,,,,,
361356,0.27,56,0.00297,,,,,
361367,0.31,64,0.00341,,,,,
361378,0.46,94,0.00506,,,,,
361390,0.14,29,0.00168,,,,,
361401,0.21,43,0.00231,,,,,
361412,0.32,66,0.00352,,,,,
361423,0.44,90,0.00484,,,,,
361435,0.24,50,0.00288,,,,,
361445,0.32,66,0.0032,,,,,
361456,0.34,70,0.00374,,,,,
361467,0.31,63,0.00341,,,,,
361479,0.31,64,0.00372,,,,,
361490,0.35,71,0.00385,,,,,
361501,0.13,27,0.00143,,,,,
361512,0.28,58,0.00308,,,,,
361524,0.35,71,0.0042,,,,,
361535,0.38,77,0.00418,,,,,
361546,0.16,32,0.00176,,,,,
361558,0.27,56,0.00324,,,,,
361569,0.28,58,0.00308,,,,,
361580,0.33,67,0.00363,,,,,
361591,0.29,59,0.00319,,,,,
361603,0.29,60,0.00348,,,,,
361614,0.13,26,0.00143,,,,,
361624,0.36,74,0.0036,,,,,
361638,0.31,64,0.00434,,,,,
361650,0.21,42,0.00252,,,,,
361661,0.34,69,0.00374,,,,,
361672,0.16,33,0.00176,,,,,
361683,0.38,77,0.00418,,,,,
361695,0.16,32,0.00192,,,,,
361706,0.16,32,0.00176,,,,,
361717,0.29,60,0.00319,,,,,
361729,0.36,73,0.00432,,,,,
361740,0.1,21,0.0011,,,,,
361751,0.19,38,0.00209,,,,,
361762,0.31,63,0.00341,,,,,
361774,0.15,31,0.0018,,,,,
361785,0.23,47,0.00253,,,,,
361795,0.2,41,0.002,,,,,
361806,0.26,54,0.00286,,,,,
361818,0.39,80,0.00468,,,,,
361829,0.34,70,0.00374,,,,,
361840,0.3,61,0.0033,,,,,
361851,0.19,38,0.00209,,,,,
361863,0.16,32,0.00192,,,,,
361874,0.26,53,0.00286,,,,,
361885,0.39,79,0.00429,,,,,
361896,0.36,74,0.00396,,,,,
361908,0.16,33,0.00192,,,,,
361919,0.3,62,0.0033,,,,,
361930,0.16,33,0.00176,,,,,
361942,0.33,67,0.00396,,,,,
361953,0.35,71,0.00385,,,,,
361964,0.09,19,0.00099,,,,,
361974,0.21,42,0.0021,,,,,
361986,0.3,61,0.0036,,,,,
361997,0.22,46,0.00242,,,,,
362008,0.28,58,0.00308,,,,,
362022,0.1,20,0.0014,,,,,
362034,0.28,58,0.00336,,,,,
362045,0.35,72,0.00385,,,,,
362056,0.31,64,0.00341,,,,,
362067,0.23,47,0.00253,,,,,
362079,0.24,50,0.00288,,,,,
362090,0.22,44,0.00242,,,,,
362101,0.32,65,0.00352,,,,,
362113,0.32,65,0.00384,,,,,
362124,0.32,65,0.00352,,,,,
362135,0.16,33,0.00176,,,,,
362145,0.25,52,0.0025,,,,,
362157,0.34,69,0.00408,,,,,
362168,0.32,65,0.00352,,,,,
362179,0.12,25,0.00132,,,,,
362190,0,0,0,,,,,
362202,0.18,36,0.00216,,,,,
362213,0.23,47,0.00253,,,,,
362224,0.32,66,0.00352,,,,,
362235,0.25,52,0.00275,,,,,
362247,0.3,61,0.0036,,,,,
362258,0.26,54,0.00286,,,,,
362269,0.31,64,0.00341,,,,,
362280,0.27,56,0.00297,,,,,
362291,0.24,50,0.00264,,,,,
362302,0.18,36,0.00198,,,,,
362313,0.32,66,0.00352,,,,,
362324,0.18,37,0.00198,,,,,
362336,0.27,55,0.00324,,,,,
362347,0.34,70,0.00374,,,,,
362358,0.38,77,0.00418,,,,,
362370,0.3,61,0.0036,,,,,
362381,0.36,74,0.00396,,,,,
362392,0.31,63,0.00341,,,,,
362406,0.11,23,0.00154,,,,,
362418,0.13,26,0.00156,,,,,
362429,0.32,66,0.00352,,,,,
362440,0.14,28,0.00154,,,,,
362451,0.39,80,0.00429,,,,,
362462,0.24,50,0.00264,,,,,
362473,0.24,49,0.00264,,,,,
362484,0.31,63,0.00341,,,,,
362496,0.3,61,0.0036,,,,,
362507,0.14,28,0.00154,,,,,
362518,0.33,68,0.00363,,,,,
362529,0.29,59,0.00319,,,,,
362541,0.17,35,0.00204,,,,,
362552,0.25,52,0.00275,,,,,
362563,0.34,69,0.00374,,,,,
362574,0.13,26,0.00143,,,,,
362586,0.17,34,0.00204,,,,,
362597,0.11,22,0.00121,,,,,
362608,0.14,29,0.00154,,,,,
362619,0.15,30,0.00165,,,,,
362631,0.11,22,0.00132,,,,,
362641,0.28,57,0.0028,,,,,
362652,0.31,63,0.00341,,,,,
362663,0.31,63,0.00341,,,,,
362675,0.27,55,0.00324,,,,,
362686,0.15,31,0.00165,,,,,
362697,0.12,25,0.00132,,,,,
362708,0.08,17,0.00088,,,,,
362720,0.25,51,0.003,,,,,
362731,0.3,62,0.0033,,,,,
362742,0.34,69,0.00374,,,,,
362754,0.3,61,0.0036,,,,,
362765,0.25,52,0.00275,,,,,
362776,0.14,28,0.00154,,,,,
362790,0.14,29,0.00196,,,,,
362802,0.11,23,0.00132,,,,,
362812,0.31,64,0.0031,,,,,
362823,0.18,37,0.00198,,,,,
362834,0.15,31,0.00165,,,,,
362846,0.14,28,0.00168,,,,,
362857,0.29,60,0.00319,,,,,
362868,0.32,65,0.00352,,,,,
362880,0.26,54,0.00312,,,,,
362891,0.26,54,0.00286,,,,,
362902,0.13,26,0.00143,,,,,
362913,0.28,58,0.00308,,,,,
362925,0.15,30,0.0018,,,,,
362936,0.35,72,0.00385,,,,,
362947,0.12,24,0.00132,,,,,
362958,0.12,25,0.00132,,,,,
362969,0.38,77,0.00418,,,,,
362981,0.33,67,0.00396,,,,,
362992,0.14,28,0.00154,,,,,
363012,0.23,47,0.0046,,,,,
363037,0.16,33,0.004,,,,,
363048,0.4,81,0.0044,,,,,
363060,0.31,64,0.00372,,,,,
363071,0.29,60,0.00319,,,,,
363082,0.18,37,0.00198,,,,,
363094,0.25,51,0.003,,,,,
363105,0.3,62,0.0033,,,,,
363116,0.15,30,0.00165,,,,,
363127,0.34,69,0.00374,,,,,
363139,0.33,67,0.00396,,,,,
363149,0.27,56,0.0027,,,,,
363160,0.19,38,0.00209,,,,,
363171,0.13,27,0.00143,,,,,
363183,0.37,75,0.00444,,,,,
363197,0.19,38,0.00266,,,,,
363208,0.12,25,0.00132,,,,,
363219,0.33,68,0.00363,,,,,
363231,0.28,58,0.00336,,,,,
363242,0.33,67,0.00363,,,,,
363253,0.32,66,0.00352,,,,,
363265,0.15,30,0.0018,,,,,
363276,0.3,62,0.0033,,,,,
363287,0.14,29,0.00154,,,,,
363298,0.32,66,0.00352,,,,,
363310,0.33,68,0.00396,,,,,
363321,0.33,67,0.00363,,,,,
363332,0.31,63,0.00341,,,,,
363343,0.13,27,0.00143,,,,,
363355,0.22,45,0.00264,,,,,
363366,0.22,46,0.00242,,,,,
363377,0.13,27,0.00143,,,,,
363388,0.21,42,0.00231,,,,,
363400,0.25,52,0.003,,,,,
363410,0.22,46,0.0022,,,,,
363421,0.32,65,0.00352,,,,,
363432,0.29,60,0.00319,,,,,
363444,0.27,55,0.00324,,,,,
363455,0.33,67,0.00363,,,,,
363466,0.43,87,0.00473,,,,,
363478,0.35,72,0.0042,,,,,
363489,0.38,78,0.00418,,,,,
363500,0.22,44,0.00242,,,,,
363511,0.32,66,0.00352,,,,,
363523,0.26,54,0.00312,,,,,
363534,0.25,52,0.00275,,,,,
363545,0.37,76,0.00407,,,,,
363556,0.3,61,0.0033,,,,,
363568,0.2,41,0.0024,,,,,
363579,0.29,59,0.00319,,,,,
363588,0.23,47,0.00207,,,,,
363598,0.31,63,0.0031,,,,,
363610,0.22,46,0.00264,,,,,
363621,0.38,77,0.00418,,,,,
363632,0.32,65,0.00352,,,,,
363643,0.22,46,0.00242,,,,,
363655,0.29,60,0.00348,,,,,
363666,0.38,77,0.00418,,,,,
363677,0.21,42,0.00231,,,,,
363688,0.31,63,0.00341,,,,,
363700,0.23,48,0.00276,,,,,
363711,0.25,52,0.00275,,,,,
363722,0.29,59,0.00319,,,,,
363734,0.22,46,0.00264,,,,,
363745,0.33,67,0.00363,,,,,
363756,0.26,54,0.00286,,,,,
363767,0.24,49,0.00264,,,,,
363778,0.28,57,0.00308,,,,,
363789,0.22,46,0.00242,,,,,
363801,0.13,26,0.00156,,,,,
363811,0.13,26,0.0013,,,,,
363823,0.35,71,0.0042,,,,,
363834,0.28,58,0.00308,,,,,
363845,0.32,65,0.00352,,,,,
363856,0.14,29,0.00154,,,,,
363868,0.33,68,0.00396,,,,,
363879,0.3,62,0.0033,,,,,
363890,0.29,59,0.00319,,,,,
363901,0.16,33,0.00176,,,,,
363913,0.36,73,0.00432,,,,,
363924,0.24,50,0.00264,,,,,
363935,0.22,44,0.00242,,,,,
363947,0.32,65,0.00384,,,,,
363958,0.27,55,0.00297,,,,,
363972,0.35,71,0.0049,,,,,
363983,0.11,22,0.00121,,,,,
363994,0.23,48,0.00253,,,,,
364005,0.32,66,0.00352,,,,,
364016,0.19,38,0.00209,,,,,
364027,0.27,56,0.00297,,,,,
364039,0.33,67,0.00396,,,,,
364050,0.28,57,0.00308,,,,,
364061,0.36,73,0.00396,,,,,
364072,0.24,49,0.00264,,,,,
364084,0.36,73,0.00432,,,,,
364095,0.36,73,0.00396,,,,,
364106,0.37,75,0.00407,,,,,
364118,0.38,78,0.00456,,,,,
364129,0.35,71,0.00385,,,,,
364140,0.37,75,0.00407,,,,,
364151,0.34,69,0.00374,,,,,
364163,0.28,57,0.00336,,,,,
364174,0.14,28,0.00154,,,,,
364185,0.35,72,0.00385,,,,,
364196,0.38,78,0.00418,,,,,
364208,0.25,52,0.003,,,,,
364218,0.32,66,0.0032,,,,,
364229,0.37,76,0.00407,,,,,
364240,0.29,59,0.00319,,,,,
364252,0.2,41,0.0024,,,,,
364263,0.32,66,0.00352,,,,,
364274,0.13,27,0.00143,,,,,
364285,0.3,62,0.0033,,,,,
364297,0.33,68,0.00396,,,,,
364308,0.34,69,0.00374,,,,,
364319,0.23,48,0.00253,,,,,
364331,0.37,75,0.00444,,,,,
364342,0.26,54,0.00286,,,,,
364356,0.39,79,0.00546,,,,,
364367,0.21,43,0.00231,,,,,
364379,0.28,57,0.00336,,,,,
364390,0.38,78,0.00418,,,,,
364400,0.3,61,0.003,,,,,
364411,0.22,44,0.00242,,,,,
364423,0.22,44,0.00264,,,,,
364434,0.24,49,0.00264,,,,,
364445,0.38,78,0.00418,,,,,
364456,0.29,60,0.00319,,,,,
364468,0.31,63,0.00372,,,,,
364479,0.17,35,0.00187,,,,,
364490,0.29,59,0.00319,,,,,
364502,0.15,30,0.0018,,,,,
364513,0.12,24,0.00132,,,,,
364524,0.2,41,0.0022,,,,,
364535,0.24,50,0.00264,,,,,
364547,0.32,65,0.00384,,,,,
364558,0.31,63,0.00341,,,,,
364569,0.27,56,0.00297,,,,,
364580,0.22,44,0.00242,,,,,
364592,0.36,73,0.00432,,,,,
364603,0.29,59,0.00319,,,,,
364613,0.29,60,0.0029,,,,,
364624,0.22,44,0.00242,,,,,
364636,0.33,67,0.00396,,,,,
364647,0.3,61,0.0033,,,,,
364658,0.31,63,0.00341,,,,,
364669,0.26,54,0.00286,,,,,
364681,0.22,44,0.00264,,,,,
364692,0.28,58,0.00308,,,,,
364703,0.22,44,0.00242,,,,,
364715,0.22,46,0.00264,,,,,
364726,0.31,64,0.00341,,,,,
364740,0.33,67,0.00462,,,,,
364751,0.36,74,0.00396,,,,,
364763,0.34,69,0.00408,,,,,
364774,0.22,45,0.00242,,,,,
364785,0.15,31,0.00165,,,,,
364796,0.16,33,0.00176,,,,,
364808,0.16,32,0.00192,,,,,
364819,0.25,51,0.00275,,,,,
364829,0.19,38,0.0019,,,,,
364840,0.2,41,0.0022,,,,,
364852,0.23,47,0.00276,,,,,
364863,0.31,64,0.00341,,,,,
364874,0.36,74,0.00396,,,,,
364886,0.31,64,0.00372,,,,,
364897,0.22,45,0.00242,,,,,
364908,0.13,26,0.00143,,,,,
364919,0.33,67,0.00363,,,,,
364931,0.2,41,0.0024,,,,,
364942,0.25,51,0.00275,,,,,
364953,0.32,65,0.00352,,,,,
364964,0.24,49,0.00264,,,,,
364976,0.33,67,0.00396,,,,,
364987,0.21,43,0.00231,,,,,
364998,0.23,48,0.00253,,,,,
365008,0.3,61,0.003,,,,,
365020,0.22,45,0.00264,,,,,
365031,0.16,32,0.00176,,,,,
365042,0.27,56,0.00297,,,,,
365053,0.24,49,0.00264,,,,,
365065,0.32,66,0.00384,,,,,
365076,0.24,49,0.00264,,,,,
365087,0.27,55,0.00297,,,,,
365099,0.24,50,0.00288,,,,,
365110,0.34,69,0.00374,,,,,
365124,0.22,44,0.00308,,,,,
365135,0.22,46,0.00242,,,,,
365147,0.34,70,0.00408,,,,,
365157,0.3,61,0.003,,,,,
365168,0.23,47,0.00253,,,,,
365179,0.12,25,0.00132,,,,,
365191,0.23,48,0.00276,,,,,
365202,0.23,47,0.00253,,,,,
365213,0.28,57,0.00308,,,,,
365224,0.1,21,0.0011,,,,,
365236,0.28,58,0.00336,,,,,
365247,0.25,52,0.00275,,,,,
365258,0.29,59,0.00319,,,,,
365270,0.2,40,0.0024,,,,,
365281,0.15,30,0.00165,,,,,
365292,0.32,65,0.00352,,,,,
365303,0.19,39,0.00209,,,,,
365315,0.13,26,0.00156,,,,,
365326,0.3,61,0.0033,,,,,
365337,0.14,29,0.00154,,,,,
365348,0.12,24,0.00132,,,,,
365360,0.28,57,0.00336,,,,,
365370,0.23,48,0.0023,,,,,
365381,0.23,48,0.00253,,,,,
365392,0.2,40,0.0022,,,,,
365404,0.13,26,0.00156,,,,,
365415,0.27,55,0.00297,,,,,
365426,0.25,52,0.00275,,,,,
365437,0.09,18,0.00099,,,,,
365449,0.25,51,0.003,,,,,
365460,0.24,50,0.00264,,,,,
365471,0.24,50,0.00264,,,,,
365483,0.11,23,0.00132,,,,,
365494,0.15,30,0.00165,,,,,
365507,0.2,41,0.0026,,,,,
365518,0.22,44,0.00242,,,,,
365530,0.25,51,0.003,,,,,
365541,0.24,50,0.00264,,,,,
365552,0.24,49,0.00264,,,,,
365563,0.25,51,0.00275,,,,,
365575,0.22,46,0.00264,,,,,
365586,0.23,48,0.00253,,,,,
365597,0.21,42,0.00231,,,,,
365608,0.15,31,0.00165,,,,,
365620,0.14,28,0.00168,,,,,
365631,0.09,18,0.00099,,,,,
365642,0.22,46,0.00242,,,,,
365654,0.14,29,0.00168,,,,,
365665,0.21,43,0.00231,,,,,
365676,0.17,35,0.00187,,,,,
365687,0.19,39,0.00209,,,,,
365699,0.14,28,0.00168,,,,,
365710,0.18,36,0.00198,,,,,
365721,0.15,31,0.00165,,,,,
365731,0.21,43,0.0021,,,,,
365743,0.26,53,0.00312,,,,,
365754,0.19,38,0.00209,,,,,
365765,0.14,28,0.00154,,,,,
365776,0.2,41,0.0022,,,,,
365788,0.1,21,0.0012,,,,,
365799,0.15,31,0.00165,,,,,
365810,0.22,46,0.00242,,,,,
365821,0.16,32,0.00176,,,,,
365833,0.24,49,0.00288,,,,,
365844,0.1,20,0.0011,,,,,
365855,0.2,41,0.0022,,,,,
365867,0.15,30,0.0018,,,,,
365899,0.16,33,0.00512,,,,,
365915,0.11,22,0.00176,,,,,
365926,0.14,28,0.00154,,,,,
365937,0.13,26,0.00143,,,,,
365948,0.16,33,0.00176,,,,,
365960,0.19,39,0.00228,,,,,
365971,0.12,25,0.00132,,,,,
365982,0.29,59,0.00319,,,,,
365993,0.11,23,0.00121,,,,,
366005,0.15,31,0.0018,,,,,
366016,0.17,35,0.00187,,,,,
366027,0.25,51,0.00275,,,,,
366039,0.2,41,0.0024,,,,,
366050,0.1,21,0.0011,,,,,
366060,0.09,19,0.0009,,,,,
366071,0.22,44,0.00242,,,,,
366083,0.14,29,0.00168,,,,,
366094,0.21,43,0.00231,,,,,
366105,0.12,25,0.00132,,,,,
366116,0.21,42,0.00231,,,,,
366128,0.06,12,0.00072,,,,,
366139,0.23,48,0.00253,,,,,
366150,0.11,23,0.00121,,,,,
366161,0.12,24,0.00132,,,,,
366173,0.14,29,0.00168,,,,,
366184,0.21,42,0.00231,,,,,
366195,0.14,28,0.00154,,,,,
366206,0.11,23,0.00121,,,,,
366218,0.11,22,0.00132,,,,,
366229,0.1,21,0.0011,,,,,
366240,0.05,11,0.00055,,,,,
366252,0.11,22,0.00132,,,,,
366262,0.13,26,0.0013,,,,,
366273,0.13,26,0.00143,,,,,
366284,0.13,27,0.00143,,,,,
366299,0.14,29,0.0021,,,,,
366310,0.09,19,0.00099,,,,,
366321,0.06,13,0.00066,,,,,
366332,0.12,24,0.00132,,,,,
366344,0.14,29,0.00168,,,,,
366355,0.08,17,0.00088,,,,,
366366,0.08,16,0.00088,,,,,
366377,0.11,22,0.00121,,,,,
366389,0.09,19,0.00108,,,,,
366400,0.1,21,0.0011,,,,,
366411,0.07,14,0.00077,,,,,
366423,0.11,22,0.00132,,,,,
366433,0.13,26,0.0013,,,,,
366444,0.07,15,0.00077,,,,,
366455,0.11,23,0.00121,,,,,
366467,0.11,22,0.00132,,,,,
366478,0.13,27,0.00143,,,,,
366489,0.07,15,0.00077,,,,,
366500,0.04,9,0.00044,,,,,
366512,0.08,16,0.00096,,,,,
366523,0.08,16,0.00088,,,,,
366534,0.12,24,0.00132,,,,,
366545,0.06,12,0.00066,,,,,
366557,0.13,26,0.00156,,,,,
366568,0.13,27,0.00143,,,,,
366579,0.07,14,0.00077,,,,,
366590,0.05,10,0.00055,,,,,
366602,0.07,15,0.00084,,,,,
366612,0.11,23,0.0011,,,,,
366623,0.12,25,0.00132,,,,,
366635,0.1,21,0.0012,,,,,
366646,0.09,19,0.00099,,,,,
366657,0.14,28,0.00154,,,,,
366668,0.09,18,0.00099,,,,,
366680,0.09,18,0.00108,,,,,
366694,0.17,34,0.00238,,,,,
366705,0.12,25,0.00132,,,,,
366716,0.06,13,0.00066,,,,,
366728,0.08,16,0.00096,,,,,
366739,0.15,30,0.00165,,,,,
366750,0.1,21,0.0011,,,,,
366761,0.06,12,0.00066,,,,,
366773,0.08,16,0.00096,,,,,
366783,0.12,25,0.0012,,,,,
366794,0.05,10,0.00055,,,,,
366806,0.09,18,0.00108,,,,,
366817,0.14,29,0.00154,,,,,
366828,0.09,18,0.00099,,,,,
366839,0.13,26,0.00143,,,,,
366851,0.13,27,0.00156,,,,,
366862,0.09,18,0.00099,,,,,
366873,0.12,25,0.00132,,,,,
366884,0.1,21,0.0011,,,,,
366896,0.08,17,0.00096,,,,,
366907,0.11,23,0.00121,,,,,
366918,0.16,32,0.00176,,,,,
366929,0.08,17,0.00088,,,,,
366941,0.05,11,0.0006,,,,,
366952,0.08,17,0.00088,,,,,
366962,0.11,22,0.0011,,,,,
366973,0.04,9,0.00044,,,,,
366985,0.09,19,0.00108,,,,,
366996,0.1,20,0.0011,,,,,
367007,0.11,22,0.00121,,,,,
367019,0.05,10,0.0006,,,,,
367030,0.04,8,0.00044,,,,,
367041,0.09,19,0.00099,,,,,
367052,0.1,21,0.0011,,,,,
367064,0.1,21,0.0012,,,,,
367078,0.12,25,0.00168,,,,,
367089,0.07,14,0.00077,,,,,
367100,0.15,30,0.00165,,,,,
367111,0.12,25,0.00132,,,,,
367122,0.08,16,0.00088,,,,,
367133,0.07,14,0.00077,,,,,
367144,0.04,8,0.00044,,,,,
367156,0.07,14,0.00084,,,,,
367167,0.08,16,0.00088,,,,,
367178,0.08,16,0.00088,,,,,
367190,0.1,20,0.0012,,,,,
367201,0.09,18,0.00099,,,,,
367212,0.09,18,0.00099,,,,,
367223,0.07,15,0.00077,,,,,
367235,0.05,11,0.0006,,,,,
367246,0.06,13,0.00066,,,,,
367257,0.05,11,0.00055,,,,,
367268,0.08,17,0.00088,,,,,
367280,0.07,14,0.00084,,,,,
367290,0.09,18,0.0009,,,,,
367301,0.13,26,0.00143,,,,,
367312,0.06,12,0.00066,,,,,
367324,0.1,20,0.0012,,,,,
367335,0.08,17,0.00088,,,,,
367346,0.07,15,0.00077,,,,,
367357,0.1,20,0.0011,,,,,
367369,0.07,14,0.00084,,,,,
367380,0.1,20,0.0011,,,,,
367391,0.05,11,0.00055,,,,,
367403,0.1,20,0.0012,,,,,
367414,0.04,9,0.00044,,,,,
367425,0.07,15,0.00077,,,,,
367436,0.07,15,0.00077,,,,,
367448,0.06,13,0.00072,,,,,
367472,0.05,10,0.0012,,,,,
367483,0.1,20,0.0011,,,,,
367495,0.04,9,0.00048,,,,,
367506,0.05,11,0.00055,,,,,
367517,0.08,16,0.00088,,,,,
367528,0.03,7,0.00033,,,,,
367540,0.05,10,0.0006,,,,,
367551,0.07,15,0.00077,,,,,
367561,0.04,9,0.0004,,,,,
367572,0.08,17,0.00088,,,,,
367584,0.11,22,0.00132,,,,,
367595,0.03,7,0.00033,,,,,
367606,0.06,12,0.00066,,,,,
367618,0.06,13,0.00072,,,,,
367629,0.06,12,0.00066,,,,,
367640,0.08,16,0.00088,,,,,
367651,0.05,10,0.00055,,,,,
367663,0.1,21,0.0012,,,,,
367674,0.05,10,0.00055,,,,,
367685,0.08,16,0.00088,,,,,
367696,0.06,12,0.00066,,,,,
367708,0.09,18,0.00108,,,,,
367719,0.04,8,0.00044,,,,,
367729,0.09,19,0.0009,,,,,
367740,0.03,7,0.00033,,,,,
367752,0.07,15,0.00084,,,,,
367763,0.12,25,0.00132,,,,,
367774,0.08,16,0.00088,,,,,
367785,0.06,12,0.00066,,,,,
367797,0.07,15,0.00084,,,,,
367808,0.08,17,0.00088,,,,,
367819,0.06,13,0.00066,,,,,
367831,0.04,8,0.00048,,,,,
367842,0.07,14,0.00077,,,,,
367853,0.03,7,0.00033,,,,,
367867,0.07,14,0.00098,,,,,
367879,0.05,10,0.0006,,,,,
367890,0.04,9,0.00044,,,,,
367901,0.07,14,0.00077,,,,,
367911,0.09,19,0.0009,,,,,
367923,0.07,14,0.00084,,,,,
367934,0.08,17,0.00088,,,,,
367945,0.06,12,0.00066,,,,,
367956,0.1,21,0.0011,,,,,
367968,0.03,7,0.00036,,,,,
367979,0.04,8,0.00044,,,,,
367990,0.06,13,0.00066,,,,,
368002,0.07,15,0.00084,,,,,
368013,0.02,4,0.00022,,,,,
368024,0.07,15,0.00077,,,,,
368035,0.05,11,0.00055,,,,,
368047,0.06,12,0.00072,,,,,
368058,0.04,9,0.00044,,,,,
368069,0.06,13,0.00066,,,,,
368079,0.08,17,0.0008,,,,,
368091,0.07,15,0.00084,,,,,
368102,0.07,14,0.00077,,,,,
368113,0.05,11,0.00055,,,,,
368124,0.06,12,0.00066,,,,,
368136,0.05,11,0.0006,,,,,
368147,0.06,13,0.00066,,,,,
368158,0.06,12,0.00066,,,,,
368169,0.06,12,0.00066,,,,,
368181,0.05,10,0.0006,,,,,
368192,0.07,15,0.00077,,,,,
368203,0.08,16,0.00088,,,,,
368215,0.08,17,0.00096,,,,,
368226,0.05,11,0.00055,,,,,
368236,0.04,9,0.0004,,,,,
368250,0.06,13,0.00084,,,,,
368262,0.04,8,0.00048,,,,,
368273,0.07,15,0.00077,,,,,
368284,0.05,11,0.00055,,,,,
368295,0.04,8,0.00044,,,,,
368307,0.05,11,0.0006,,,,,
368318,0.03,6,0.00033,,,,,
368329,0.06,13,0.00066,,,,,
368340,0.05,10,0.00055,,,,,
368352,0.07,15,0.00084,,,,,
368363,0.05,11,0.00055,,,,,
368374,0.06,13,0.00066,,,,,
368386,0.06,12,0.00072,,,,,
368397,0.05,10,0.00055,,,,,
368407,0.07,14,0.0007,,,,,
368418,0.06,12,0.00066,,,,,
368430,0.05,10,0.0006,,,,,
368441,0.05,11,0.00055,,,,,
368452,0.05,10,0.00055,,,,,
368463,0.04,9,0.00044,,,,,
368475,0.05,11,0.0006,,,,,
368486,0.07,14,0.00077,,,,,
368497,0.05,10,0.00055,,,,,
368508,0.05,11,0.00055,,,,,
368520,0.03,6,0.00036,,,,,
368531,0.05,11,0.00055,,,,,
368542,0.05,11,0.00055,,,,,
368553,0.02,4,0.00022,,,,,
368565,0.05,11,0.0006,,,,,
368575,0.04,8,0.0004,,,,,
368586,0.05,11,0.00055,,,,,
368598,0.02,5,0.00024,,,,,
368609,0.05,11,0.00055,,,,,
368620,0.04,9,0.00044,,,,,
368631,0.06,13,0.00066,,,,,
368646,0,1,0,,,,,
368657,0.06,13,0.00066,,,,,
368668,0.04,8,0.00044,,,,,
368679,0.05,10,0.00055,,,,,
368691,0.03,7,0.00036,,,,,
368702,0.06,12,0.00066,,,,,
368713,0.02,5,0.00022,,,,,
368724,0.05,11,0.00055,,,,,
368746,0.03,6,0.00066,,,,,
368776,0.03,6,0.0009,,,,,
368786,0.04,8,0.0004,,,,,
368797,0.03,6,0.00033,,,,,
368808,0.03,6,0.00033,,,,,
368820,0.05,11,0.0006,,,,,
368831,0.02,5,0.00022,,,,,
368842,0,0,0,,,,,
368854,0.03,6,0.00036,,,,,
368865,0.04,9,0.00044,,,,,
368876,0.06,12,0.00066,,,,,
368887,0.04,9,0.00044,,,,,
368899,0.02,5,0.00024,,,,,
368910,0.03,6,0.00033,,,,,
368921,0.02,5,0.00022,,,,,
368932,0,0,0,,,,,
368944,0.04,9,0.00048,,,,,
368955,0.04,9,0.00044,,,,,
368966,0.03,7,0.00033,,,,,
368977,0.05,10,0.00055,,,,,
368989,0.03,7,0.00036,,,,,
369000,0,0,0,,,,,
369011,0.04,8,0.00044,,,,,
369022,0.02,4,0.00022,,,,,
369033,0.02,5,0.00022,,,,,
369044,0.04,8,0.00044,,,,,
369055,0.03,7,0.00033,,,,,
369067,0.03,6,0.00036,,,,,
369081,0.04,8,0.00056,,,,,
369092,0.04,8,0.00044,,,,,
369103,0.03,7,0.00033,,,,,
369115,0.02,4,0.00024,,,,,
369126,0.03,7,0.00033,,,,,
369137,0.03,7,0.00033,,,,,
369148,0.04,8,0.00044,,,,,
369160,0.04,8,0.00048,,,,,
369171,0.04,8,0.00044,,,,,
369182,0.03,6,0.00033,,,,,
369193,0.02,4,0.00022,,,,,
369205,0.02,5,0.00024,,,,,
369216,0.03,6,0.00033,,,,,
369226,0.02,5,0.0002,,,,,
369238,0.02,5,0.00024,,,,,
369249,0.02,4,0.00022,,,,,
369260,0.02,5,0.00022,,,,,
369271,0.03,7,0.00033,,,,,
369283,0.02,5,0.00024,,,,,
369294,0.03,6,0.00033,,,,,
369305,0.02,5,0.00022,,,,,
369316,0.03,7,0.00033,,,,,
369328,0.02,5,0.00024,,,,,
369339,0.03,6,0.00033,,,,,
369350,0.03,6,0.00033,,,,,
369360,0.02,4,0.0002,,,,,
369372,0.03,6,0.00036,,,,,
369383,0.03,6,0.00033,,,,,
369394,0.01,3,0.00011,,,,,
369405,0.02,5,0.00022,,,,,
369417,0.02,4,0.00024,,,,,
369428,0.02,4,0.00022,,,,,
369439,0.01,3,0.00011,,,,,
369451,0.02,4,0.00024,,,,,
369462,0.02,4,0.00022,,,,,
369473,0.01,3,0.00011,,,,,
369484,0.01,3,0.00011,,,,,
369499,0.02,4,0.0003,,,,,
369510,0,0,0,,,,,
369521,0.01,3,0.00011,,,,,
369532,0.01,3,0.00011,,,,,
369543,0.02,5,0.00022,,,,,
369554,0,1,0,,,,,
369565,0.01,3,0.00011,,,,,
369576,0.02,4,0.00022,,,,,
369588,0.01,2,0.00012,,,,,
369599,0.01,3,0.00011,,,,,
369610,0.01,2,0.00011,,,,,
369622,0.01,3,0.00012,,,,,
369633,0,1,0,,,,,
369644,0.01,2,0.00011,,,,,
369655,0,0,0,,,,,
369667,0,1,0,,,,,
369678,0,1,0,,,,,
369689,0,1,0,,,,,
369700,0.01,2,0.00011,,,,,
369711,0,0,0,,,,,
369722,0.01,2,0.00011,,,,,
369733,0,1,0,,,,,
369744,0,1,0,,,,,
369756,0,1,0,,,,,
369767,0,0,0,,,,,
369778,0,0,0,,,,,
369789,0,0,0,,,,,
369801,0,1,0,,,,,
369812,0,0,0,,,,,
369822,0,0,0,,,,,
369833,0,0,0,,,,,
369845,0,0,0,,,,,
369856,0,0,0,,,,,
369867,0,0,0,,,,,
369879,0,0,0,,,,,
369890,0,0,0,,,,,
369904,0,0,0,,,,,
369914,0,0,0,,,,,
369926,0,0,0,,,,,
369937,0,0,0,,,,,
369948,0,0,0,,,,,
369959,0,0,0,,,,,
369971,0,0,0,,,,,
369982,0,0,0,,,,,
369993,0,0,0,,,,,
370003,0,0,0,,,,,
370015,0,0,0,,,,,
370026,0,0,0,,,,,
370037,0,0,0,,,,,
370049,0,0,0,,,,,
370060,0,0,0,,,,,
370071,0,0,0,,,,,
370081,0,0,0,,,,,
370093,0,0,0,,,,,
370104,0,0,0,,,,,
370115,0,0,0,,,,,
370126,0,0,0,,,,,
370138,0,0,0,,,,,
370149,0,0,0,,,,,
370159,0,0,0,,,,,
370170,0,0,0,,,,,
370182,0,0,0,,,,,
370193,0,0,0,,,,,
370204,0,0,0,,,,,
370215,0,0,0,,,,,
370227,0,0,0,,,,,
370238,0,0,0,,,,,
370248,0,0,0,,,,,
370259,0,0,0,,,,,
370271,0,0,0,,,,,
370282,0,0,0,,,,,
370293,0,0,0,,,,,
370305,0,0,0,,,,,
370319,0,0,0,,,,,
370330,0,0,0,,,,,
370340,0,0,0,,,,,
370352,0,0,0,,,,,
370363,0,0,0,,,,,
370374,0,0,0,,,,,
370385,0,0,0,,,,,
370397,0,0,0,,,,,
370408,0,0,0,,,,,
370418,0,0,0,,,,,
370429,0,0,0,,,,,
370441,0,0,0,,,,,
370452,0,0,0,,,,,
370463,0,0,0,,,,,
370475,0,0,0,,,,,
370486,0,0,0,,,,,
370497,0,0,0,,,,,
370507,0,0,0,,,,,
370519,0,0,0,,,,,
370530,0,0,0,,,,,
370541,0,0,0,,,,,
370552,0,0,0,,,,,
370564,0,0,0,,,,,
370575,0,0,0,,,,,
370586,0,0,0,,,,,
370596,0,0,0,,,,,
370608,0,0,0,,,,,
370619,0,0,0,,,,,
370630,0,0,0,,,,,
370641,0,0,0,,,,,
370653,0,0,0,,,,,
370664,0,0,0,,,,,
370675,0,0,0,,,,,
370685,0,0,0,,,,,
370697,0,0,0,,,,,
370708,0,0,0,,,,,
370722,0,0,0,,,,,
370734,0,0,0,,,,,
370745,0,0,0,,,,,
370756,0,0,0,,,,,
370766,0,0,0,,,,,
370778,0,0,0,,,,,
370789,0,0,0,,,,,
370800,0,0,0,,,,,
370811,0,0,0,,,,,
370823,0,0,0,,,,,
370834,0,0,0,,,,,
370844,0,0,0,,,,,
370855,0,0,0,,,,,
370867,0,0,0,,,,,
370878,0,0,0,,,,,
370889,0,0,0,,,,,
370900,0,0,0,,,,,
370912,0,0,0,,,,,
370922,0,0,0,,,,,
370933,0,0,0,,,,,
370945,0,0,0,,,,,
370956,0,0,0,,,,,
370967,0,0,0,,,,,
370978,0,0,0,,,,,
370990,0,0,0,,,,,
371000,0,0,0,,,,,
371011,0,0,0,,,,,
371022,0,0,0,,,,,
371034,0,0,0,,,,,
371045,0,0,0,,,,,
371056,0,0,0,,,,,
371067,0,0,0,,,,,
371079,0,0,0,,,,,
371089,0,0,0,,,,,
371100,0,0,0,,,,,
371111,0,0,0,,,,,
371123,0,0,0,,,,,
371137,0,0,0,,,,,
371148,0,0,0,,,,,
371160,0,0,0,,,,,
371170,0,0,0,,,,,
371181,0,0,0,,,,,
371192,0,0,0,,,,,
371204,0,0,0,,,,,
371215,0,0,0,,,,,
371226,0,0,0,,,,,
371237,0,0,0,,,,,
371249,0,0,0,,,,,
371259,0,0,0,,,,,
371270,0,0,0,,,,,
371281,0,0,0,,,,,
371293,0,0,0,,,,,
371304,0,0,0,,,,,
371315,0,0,0,,,,,
371326,0,0,0,,,,,
371337,0,0,0,,,,,
371348,0,0,0,,,,,
371359,0,0,0,,,,,
371371,0,0,0,,,,,
371382,0,0,0,,,,,
371393,0,0,0,,,,,
371404,0,0,0,,,,,
371415,0,0,0,,,,,
371426,0,0,0,,,,,
371437,0,0,0,,,,,
371448,0,0,0,,,,,
371460,0,0,0,,,,,
371471,0,0,0,,,,,
371482,0,0,0,,,,,
371493,0,0,0,,,,,
371504,0,0,0,,,,,
371515,0,0,0,,,,,
371526,0,0,0,,,,,
371537,0,0,0,,,,,
371552,0,0,0,,,,,
371563,0,0,0,,,,,
371574,0,0,0,,,,,
371586,0,0,0,,,,,
371604,0,0,0,,,,,
371631,0,0,0,,,,,
371642,0,0,0,,,,,
371652,0,0,0,,,,,
371663,0,0,0,,,,,
371675,0,0,0,,,,,
371686,0,0,0,,,,,
371697,0,0,0,,,,,
371708,0,0,0,,,,,
371720,0,0,0,,,,,
371731,0,0,0,,,,,
371742,0,0,0,,,,,
371753,0,0,0,,,,,
371765,0,0,0,,,,,
371775,0,0,0,,,,,
371786,0,0,0,,,,,
371798,0,0,0,,,,,
371809,0,0,0,,,,,
371820,0,0,0,,,,,
371831,0,0,0,,,,,
371843,0,0,0,,,,,
371854,0,0,0,,,,,
371864,0,0,0,,,,,
371875,0,0,0,,,,,
371887,0,0,0,,,,,
371898,0,0,0,,,,,
371909,0,0,0,,,,,
371920,0,0,0,,,,,
371932,0,0,0,,,,,
371942,0,0,0,,,,,
371953,0,0,0,,,,,
371964,0,0,0,,,,,
371979,0,0,0,,,,,
371990,0,0,0,,,,,
372001,0,0,0,,,,,
372013,0,0,0,,,,,
372023,0,0,0,,,,,
372034,0,0,0,,,,,
372045,0,0,0,,,,,
372057,0,0,0,,,,,
372068,0,0,0,,,,,
372079,0,0,0,,,,,
372089,0,0,0,,,,,
372101,0,0,0,,,,,
372112,0,0,0,,,,,
372123,0,0,0,,,,,
372134,0,0,0,,,,,
372146,0,0,0,,,,,
372157,0,0,0,,,,,
372167,0,0,0,,,,,
372178,0,0,0,,,,,
372190,0,0,0,,,,,
372201,0,0,0,,,,,
372212,0,0,0,,,,,
372224,0,0,0,,,,,
372235,0,0,0,,,,,
372245,0,0,0,,,,,
372256,0,0,0,,,,,
372268,0,0,0,,,,,
372279,0,0,0,,,,,
372290,0,0,0,,,,,
372301,0,0,0,,,,,
372312,0,0,0,,,,,
372323,0,0,0,,,,,
372334,0,0,0,,,,,
372345,0,0,0,,,,,
372357,0,0,0,,,,,
372368,0,0,0,,,,,
372379,0,0,0,,,,,
372392,0,0,0,,,,,
372404,0,0,0,,,,,
372415,0,0,0,,,,,
372426,0,0,0,,,,,
372438,0,0,0,,,,,
372449,0,0,0,,,,,
372460,0,0,0,,,,,
372470,0,0,0,,,,,
372482,0,0,0,,,,,
372493,0,0,0,,,,,
372504,0,0,0,,,,,
372515,0,0,0,,,,,
372527,0,0,0,,,,,
372538,0,0,0,,,,,
372548,0,0,0,,,,,
372559,0,0,0,,,,,
372571,0,0,0,,,,,
372582,0,0,0,,,,,
372593,0,0,0,,,,,
372604,0,0,0,,,,,
372615,0,0,0,,,,,
372626,0,0,0,,,,,
372637,0,0,0,,,,,
372648,0,0,0,,,,,
372660,0,0,0,,,,,
372671,0,0,0,,,,,
372682,0,0,0,,,,,
372692,0,0,0,,,,,
372704,0,0,0,,,,,
372715,0,0,0,,,,,
372726,0,0,0,,,,,
372738,0,0,0,,,,,
372749,0,0,0,,,,,
372760,0,0,0,,,,,
372770,0,0,0,,,,,
372782,0,0,0,,,,,
372796,0,0,0,,,,,
372807,0,0,0,,,,,
372818,0,0,0,,,,,
372830,0,0,0,,,,,
372841,0,0,0,,,,,
372851,0,0,0,,,,,
372862,0,0,0,,,,,
372874,0,0,0,,,,,
372885,0,0,0,,,,,
372896,0,0,0,,,,,
372908,0,0,0,,,,,
372918,0,0,0,,,,,
372929,0,0,0,,,,,
372940,0,0,0,,,,,
372952,0,0,0,,,,,
372963,0,0,0,,,,,
372974,0,0,0,,,,,
372985,0,0,0,,,,,
372996,0,0,0,,,,,
373007,0,0,0,,,,,
373018,0,0,0,,,,,
373029,0,0,0,,,,,
373041,0,0,0,,,,,
373052,0,0,0,,,,,
373062,0,0,0,,,,,
373073,0,0,0,,,,,
373085,0,0,0,,,,,
373096,0,0,0,,,,,
373107,0,0,0,,,,,
373118,0,0,0,,,,,
373130,0,0,0,,,,,
373140,0,0,0,,,,,
373151,0,0,0,,,,,
373163,0,0,0,,,,,
373174,0,0,0,,,,,
373185,0,0,0,,,,,
373196,0,0,0,,,,,
373211,0,0,0,,,,,
373221,0,0,0,,,,,
373232,0,0,0,,,,,
373243,0,0,0,,,,,
373255,0,0,0,,,,,
373266,0,0,0,,,,,
373277,0,0,0,,,,,
373288,0,0,0,,,,,
373299,0,0,0,,,,,
373310,0,0,0,,,,,
373321,0,0,0,,,,,
373332,0,0,0,,,,,
373344,0,0,0,,,,,
373355,0,0,0,,,,,
373365,0,0,0,,,,,
373377,0,0,0,,,,,
373388,0,0,0,,,,,
373399,0,0,0,,,,,
373410,0,0,0,,,,,
373422,0,0,0,,,,,
373433,0,0,0,,,,,
373443,0,0,0,,,,,
373454,0,0,0,,,,,
373466,0,0,0,,,,,
373477,0,0,0,,,,,
373488,0,0,0,,,,,
373499,0,0,0,,,,,
373511,0,0,0,,,,,
373521,0,0,0,,,,,
373532,0,0,0,,,,,
373543,0,0,0,,,,,
373555,0,0,0,,,,,
373566,0,0,0,,,,,
373577,0,0,0,,,,,
373587,0,0,0,,,,,
373599,0,0,0,,,,,
373613,0,0,0,,,,,
373624,0,0,0,,,,,
373636,0,0,0,,,,,
373647,0,0,0,,,,,
373658,0,0,0,,,,,
373668,0,0,0,,,,,
373680,0,0,0,,,,,
373691,0,0,0,,,,,
373702,0,0,0,,,,,
373713,0,0,0,,,,,
373725,0,0,0,,,,,
373736,0,0,0,,,,,
373746,0,0,0,,,,,
373757,0,0,0,,,,,
373769,0,0,0,,,,,
373780,0,0,0,,,,,
373791,0,0,0,,,,,
373803,0,0,0,,,,,
373814,0,0,0,,,,,
373824,0,0,0,,,,,
373835,0,0,0,,,,,
373847,0,0,0,,,,,
373858,0,0,0,,,,,
373869,0,0,0,,,,,
373880,0,0,0,,,,,
373891,0,0,0,,,,,
373902,0,0,0,,,,,
373913,0,0,0,,,,,
373924,0,0,0,,,,,
373936,0,0,0,,,,,
373947,0,0,0,,,,,
373958,0,0,0,,,,,
373968,0,0,0,,,,,
373980,0,0,0,,,,,
373991,0,0,0,,,,,
374002,0,0,0,,,,,
374013,0,0,0,,,,,
374028,0,0,0,,,,,
374039,0,0,0,,,,,
374050,0,0,0,,,,,
374061,0,0,0,,,,,
374072,0,0,0,,,,,
374083,0,0,0,,,,,
374094,0,0,0,,,,,
374106,0,0,0,,,,,
374117,0,0,0,,,,,
374127,0,0,0,,,,,
374138,0,0,0,,,,,
374150,0,0,0,,,,,
374161,0,0,0,,,,,
374172,0,0,0,,,,,
374183,0,0,0,,,,,
374195,0,0,0,,,,,
374205,0,0,0,,,,,
374216,0,0,0,,,,,
374227,0,0,0,,,,,
374239,0,0,0,,,,,
374250,0,0,0,,,,,
374261,0,0,0,,,,,
374273,0,0,0,,,,,
374283,0,0,0,,,,,
374294,0,0,0,,,,,
374305,0,0,0,,,,,
374317,0,0,0,,,,,
374328,0,0,0,,,,,
374339,0,0,0,,,,,
374350,0,0,0,,,,,
374361,0,0,0,,,,,
374372,0,0,0,,,,,
374383,0,0,0,,,,,
374394,0,0,0,,,,,
374406,0,0,0,,,,,
374417,0,0,0,,,,,
374427,0,0,0,,,,,
374451,0,0,0,,,,,
374489,0,0,0,,,,,
374501,0,0,0,,,,,
374512,0,0,0,,,,,
374522,0,0,0,,,,,
374534,0,0,0,,,,,
374545,0,0,0,,,,,
374556,0,0,0,,,,,
374567,0,0,0,,,,,
374579,0,0,0,,,,,
374590,0,0,0,,,,,
374601,0,0,0,,,,,
374612,0,0,0,,,,,
374623,0,0,0,,,,,
374634,0,0,0,,,,,
374645,0,0,0,,,,,
374657,0,0,0,,,,,
374668,0,0,0,,,,,
374679,0,0,0,,,,,
374690,0,0,0,,,,,
374702,0,0,0,,,,,
374713,0,0,0,,,,,
374724,0,0,0,,,,,
374734,0,0,0,,,,,
374746,0,0,0,,,,,
374757,0,0,0,,,,,
374768,0,0,0,,,,,
374779,0,0,0,,,,,
374791,0,0,0,,,,,
374802,0,0,0,,,,,
374812,0,0,0,,,,,
374823,0,0,0,,,,,
374835,0,0,0,,,,,
374846,0,0,0,,,,,
374857,0,0,0,,,,,
374868,0,0,0,,,,,
374883,0,0,0,,,,,
374894,0,0,0,,,,,
374905,0,0,0,,,,,
374916,0,0,0,,,,,
374927,0,0,0,,,,,
374938,0,0,0,,,,,
374949,0,0,0,,,,,
374961,0,0,0,,,,,
374972,0,0,0,,,,,
374982,0,0,0,,,,,
374993,0,0,0,,,,,
375005,0,0,0,,,,,
375016,0,0,0,,,,,
375027,0,0,0,,,,,
375038,0,0,0,,,,,
375050,0,0,0,,,,,
375061,0,0,0,,,,,
375071,0,0,0,,,,,
375083,0,0,0,,,,,
375094,0,0,0,,,,,
375105,0,0,0,,,,,
375116,0,0,0,,,,,
375128,0,0,0,,,,,
375139,0,0,0,,,,,
375150,0,0,0,,,,,
375160,0,0,0,,,,,
375172,0,0,0,,,,,
375183,0,0,0,,,,,
375194,0,0,0,,,,,
375205,0,0,0,,,,,
375217,0,0,0,,,,,
375228,0,0,0,,,,,
375239,0,0,0,,,,,
375249,0,0,0,,,,,
375261,0,0,0,,,,,
375272,0,0,0,,,,,
375283,0,0,0,,,,,
375298,0,0,0,,,,,
375309,0,0,0,,,,,
375320,0,0,0,,,,,
375330,0,0,0,,,,,
375342,0,0,0,,,,,
375353,0,0,0,,,,,
375364,0,0,0,,,,,
375375,0,0,0,,,,,
375387,0,0,0,,,,,
375398,0,0,0,,,,,
375409,0,0,0,,,,,
375419,0,0,0,,,,,
375431,0,0,0,,,,,
375442,0,0,0,,,,,
375453,0,0,0,,,,,
375464,0,0,0,,,,,
375476,0,0,0,,,,,
375487,0,0,0,,,,,
375498,0,0,0,,,,,
375508,0,0,0,,,,,
375520,0,0,0,,,,,
375531,0,0,0,,,,,
375542,0,0,0,,,,,
375554,0,0,0,,,,,
375565,0,0,0,,,,,
375576,0,0,0,,,,,
375586,0,0,0,,,,,
375598,0,0,0,,,,,
375609,0,0,0,,,,,
375620,0,0,0,,,,,
375631,0,0,0,,,,,
375643,0,0,0,,,,,
375654,0,0,0,,,,,
375665,0,0,0,,,,,
375675,0,0,0,,,,,
375687,0,0,0,,,,,
375701,0,0,0,,,,,
375712,0,0,0,,,,,
375724,0,0,0,,,,,
375735,0,0,0,,,,,
375746,0,0,0,,,,,
375757,0,0,0,,,,,
375768,0,0,0,,,,,
375779,0,0,0,,,,,
375790,0,0,0,,,,,
375801,0,0,0,,,,,
375813,0,0,0,,,,,
375824,0,0,0,,,,,
375835,0,0,0,,,,,
375846,0,0,0,,,,,
375857,0,0,0,,,,,
375868,0,0,0,,,,,
375879,0,0,0,,,,,
375890,0,0,0,,,,,
375902,0,0,0,,,,,
375913,0,0,0,,,,,
375924,0,0,0,,,,,
375936,0,0,0,,,,,
375946,0,0,0,,,,,
375957,0,0,0,,,,,
375968,0,0,0,,,,,
375980,0,0,0,,,,,
375991,0,0,0,,,,,
376002,0,0,0,,,,,
376013,0,0,0,,,,,
376025,0,0,0,,,,,
376035,0,0,0,,,,,
376046,0,0,0,,,,,
376057,0,0,0,,,,,
376069,0,0,0,,,,,
376080,0,0,0,,,,,
376091,0,0,0,,,,,
376102,0,0,0,,,,,
376117,0,0,0,,,,,
376127,0,0,0,,,,,
376138,0,0,0,,,,,
376150,0,0,0,,,,,
376161,0,0,0,,,,,
376172,0,0,0,,,,,
376183,0,0,0,,,,,
376195,0,0,0,,,,,
376205,0,0,0,,,,,
376216,0,0,0,,,,,
376227,0,0,0,,,,,
376239,0,0,0,,,,,
376250,0,0,0,,,,,
376261,0,0,0,,,,,
376271,0,0,0,,,,,
376283,0,0,0,,,,,
376294,0,0,0,,,,,
376305,0,0,0,,,,,
376316,0,0,0,,,,,
376328,0,0,0,,,,,
376339,0,0,0,,,,,
376350,0,0,0,,,,,
376360,0,0,0,,,,,
376372,0,0,0,,,,,
376383,0,0,0,,,,,
376394,0,0,0,,,,,
376406,0,0,0,,,,,
376417,0,0,0,,,,,
376428,0,0,0,,,,,
376438,0,0,0,,,,,
376450,0,0,0,,,,,
376461,0,0,0,,,,,
376472,0,0,0,,,,,
376483,0,0,0,,,,,
376495,0,0,0,,,,,
376506,0,0,0,,,,,
376519,0,0,0,,,,,
376530,0,0,0,,,,,
376542,0,0,0,,,,,
376553,0,0,0,,,,,
376564,0,0,0,,,,,
376576,0,0,0,,,,,
376587,0,0,0,,,,,
376598,0,0,0,,,,,
376608,0,0,0,,,,,
376620,0,0,0,,,,,
376631,0,0,0,,,,,
376642,0,0,0,,,,,
376653,0,0,0,,,,,
376665,0,0,0,,,,,
376675,0,0,0,,,,,
376686,0,0,0,,,,,
376697,0,0,0,,,,,
376709,0,0,0,,,,,
376720,0,0,0,,,,,
376731,0,0,0,,,,,
376742,0,0,0,,,,,
376753,0,0,0,,,,,
376764,0,0,0,,,,,
376775,0,0,0,,,,,
376786,0,0,0,,,,,
376798,0,0,0,,,,,
376809,0,0,0,,,,,
376820,0,0,0,,,,,
376832,0,0,0,,,,,
376842,0,0,0,,,,,
376853,0,0,0,,,,,
376864,0,0,0,,,,,
376876,0,0,0,,,,,
376887,0,0,0,,,,,
376898,0,0,0,,,,,
376909,0,0,0,,,,,
376920,0,0,0,,,,,
376934,0,0,0,,,,,
376945,0,0,0,,,,,
376956,0,0,0,,,,,
376968,0,0,0,,,,,
376979,0,0,0,,,,,
376990,0,0,0,,,,,
377001,0,0,0,,,,,
377012,0,0,0,,,,,
377023,0,0,0,,,,,
377034,0,0,0,,,,,
377046,0,0,0,,,,,
377057,0,0,0,,,,,
377068,0,0,0,,,,,
377079,0,0,0,,,,,
377090,0,0,0,,,,,
377101,0,0,0,,,,,
377112,0,0,0,,,,,
377123,0,0,0,,,,,
377135,0,0,0,,,,,
377146,0,0,0,,,,,
377157,0,0,0,,,,,
377167,0,0,0,,,,,
377179,0,0,0,,,,,
377190,0,0,0,,,,,
377201,0,0,0,,,,,
377212,0,0,0,,,,,
377224,0,0,0,,,,,
377235,0,0,0,,,,,
377246,0,0,0,,,,,
377256,0,0,0,,,,,
377268,0,0,0,,,,,
377279,0,0,0,,,,,
377290,0,0,0,,,,,
377302,0,0,0,,,,,
377336,0,0,0,,,,,
377348,0,0,0,,,,,
377359,0,0,0,,,,,
377373,0,0,0,,,,,
377384,0,0,0,,,,,
377396,0,0,0,,,,,
377407,0,0,0,,,,,
377417,0,0,0,,,,,
377428,0,0,0,,,,,
377440,0,0,0,,,,,
377451,0,0,0,,,,,
377462,0,0,0,,,,,
377474,0,0,0,,,,,
377485,0,0,0,,,,,
377496,0,0,0,,,,,
377507,0,0,0,,,,,
377519,0,0,0,,,,,
377529,0,0,0,,,,,
377540,0,0,0,,,,,
377551,0,0,0,,,,,
377563,0,0,0,,,,,
377574,0,0,0,,,,,
377585,0,0,0,,,,,
377596,0,0,0,,,,,
377607,0,0,0,,,,,
377618,0,0,0,,,,,
377629,0,0,0,,,,,
377640,0,0,0,,,,,
377652,0,0,0,,,,,
377663,0,0,0,,,,,
377674,0,0,0,,,,,
377684,0,0,0,,,,,
377696,0,0,0,,,,,
377707,0,0,0,,,,,
377718,0,0,0,,,,,
377730,0,0,0,,,,,
377741,0,0,0,,,,,
377752,0,0,0,,,,,
377762,0,0,0,,,,,
377777,0,0,0,,,,,
377788,0,0,0,,,,,
377799,0,0,0,,,,,
377810,0,0,0,,,,,
377822,0,0,0,,,,,
377833,0,0,0,,,,,
377843,0,0,0,,,,,
377854,0,0,0,,,,,
377866,0,0,0,,,,,
377877,0,0,0,,,,,
377888,0,0,0,,,,,
377899,0,0,0,,,,,
377910,0,0,0,,,,,
377921,0,0,0,,,,,
377932,0,0,0,,,,,
377944,0,0,0,,,,,
377955,0,0,0,,,,,
377966,0,0,0,,,,,
377977,0,0,0,,,,,
377988,0,0,0,,,,,
377999,0,0,0,,,,,
378010,0,0,0,,,,,
378021,0,0,0,,,,,
378033,0,0,0,,,,,
378044,0,0,0,,,,,
378055,0,0,0,,,,,
378065,0,0,0,,,,,
378077,0,0,0,,,,,
378088,0,0,0,,,,,
378099,0,0,0,,,,,
378110,0,0,0,,,,,
378122,0,0,0,,,,,
378132,0,0,0,,,,,
378143,0,0,0,,,,,
378155,0,0,0,,,,,
378166,0,0,0,,,,,
378177,0,1,0,,,,,
378191,0,1,0,,,,,
378203,0,1,0,,,,,
378214,0,1,0,,,,,
378224,0.01,2,0.0001,,,,,
378235,0,1,0,,,,,
378247,0.01,2,0.00012,,,,,
378258,0,1,0,,,,,
378269,0.01,2,0.00011,,,,,
378280,0,1,0,,,,,
378292,0.01,2,0.00012,,,,,
378303,0.01,2,0.00011,,,,,
378314,0,1,0,,,,,
378326,0,0,0,,,,,
378337,0,0,0,,,,,
378347,0,0,0,,,,,
378358,0,0,0,,,,,
378370,0,0,0,,,,,
378381,0,0,0,,,,,
378392,0,0,0,,,,,
378403,0,0,0,,,,,
378415,0,0,0,,,,,
378425,0,0,0,,,,,
378436,0,0,0,,,,,
378447,0,0,0,,,,,
378459,0,0,0,,,,,
378470,0,0,0,,,,,
378481,0,0,0,,,,,
378492,0,0,0,,,,,
378503,0,0,0,,,,,
378514,0,0,0,,,,,
378525,0,0,0,,,,,
378536,0,0,0,,,,,
378548,0,0,0,,,,,
378559,0,0,0,,,,,
378570,0,0,0,,,,,
378580,0,0,0,,,,,
378595,0,0,0,,,,,
378606,0,0,0,,,,,
378617,0,0,0,,,,,
378629,0,0,0,,,,,
378640,0,0,0,,,,,
378651,0,0,0,,,,,
378661,0,0,0,,,,,
378673,0,0,0,,,,,
378684,0,0,0,,,,,
378695,0,0,0,,,,,
378706,0,0,0,,,,,
378718,0,0,0,,,,,
378729,0,0,0,,,,,
378739,0,0,0,,,,,
378750,0,0,0,,,,,
378762,0,0,0,,,,,
378773,0,0,0,,,,,
378784,0,0,0,,,,,
378796,0,0,0,,,,,
378807,0,0,0,,,,,
378817,0,0,0,,,,,
378828,0,0,0,,,,,
378840,0,0,0,,,,,
378851,0,0,0,,,,,
378862,0,0,0,,,,,
378873,0,0,0,,,,,
378884,0,0,0,,,,,
378895,0,0,0,,,,,
378906,0,0,0,,,,,
378917,0,0,0,,,,,
378929,0,0,0,,,,,
378940,0,0,0,,,,,
378951,0,0,0,,,,,
378961,0,0,0,,,,,
378973,0,0,0,,,,,
378984,0,0,0,,,,,
378995,0,0,0,,,,,
379010,0,0,0,,,,,
379021,0,0,0,,,,,
379032,0,0,0,,,,,
379042,0,0,0,,,,,
379054,0,0,0,,,,,
379065,0,0,0,,,,,
379076,0,0,0,,,,,
379087,0,0,0,,,,,
379099,0,0,0,,,,,
379109,0,0,0,,,,,
379120,0,0,0,,,,,
379131,0,0,0,,,,,
379143,0,0,0,,,,,
379154,0,0,0,,,,,
379165,0,0,0,,,,,
379176,0,0,0,,,,,
379187,0,0,0,,,,,
379198,0,0,0,,,,,
379209,0,0,0,,,,,
379220,0,0,0,,,,,
379232,0,0,0,,,,,
379243,0,0,0,,,,,
379254,0,0,0,,,,,
379265,0,0,0,,,,,
379276,0,0,0,,,,,
379287,0,0,0,,,,,
379298,0,0,0,,,,,
379310,0,0,0,,,,,
379321,0,0,0,,,,,
379332,0,0,0,,,,,
379342,0,0,0,,,,,
379354,0,0,0,,,,,
379365,0,0,0,,,,,
379376,0,0,0,,,,,
379387,0,0,0,,,,,
379399,0,0,0,,,,,
379412,0,0,0,,,,,
379423,0,0,0,,,,,
379435,0,0,0,,,,,
379446,0,0,0,,,,,
379457,0,0,0,,,,,
379468,0,0,0,,,,,
379480,0,0,0,,,,,
379490,0,0,0,,,,,
379501,0,0,0,,,,,
379512,0,0,0,,,,,
379524,0,0,0,,,,,
379535,0,0,0,,,,,
379546,0,0,0,,,,,
379557,0,0,0,,,,,
379568,0,0,0,,,,,
379579,0,0,0,,,,,
379590,0,0,0,,,,,
379601,0,0,0,,,,,
379613,0,0,0,,,,,
379624,0,0,0,,,,,
379634,0,0,0,,,,,
379645,0,0,0,,,,,
379657,0,0,0,,,,,
379668,0,0,0,,,,,
379679,0,0,0,,,,,
379691,0,0,0,,,,,
379702,0,0,0,,,,,
379712,0,0,0,,,,,
379723,0,0,0,,,,,
379735,0,0,0,,,,,
379746,0,0,0,,,,,
379757,0,0,0,,,,,
379768,0,0,0,,,,,
379780,0,0,0,,,,,
379790,0,0,0,,,,,
379801,0,0,0,,,,,
379812,0,0,0,,,,,
379827,0,0,0,,,,,
379838,0,0,0,,,,,
379849,0,0,0,,,,,
379859,0,0,0,,,,,
379871,0,0,0,,,,,
379882,0,0,0,,,,,
379893,0,0,0,,,,,
379905,0,0,0,,,,,
379916,0,0,0,,,,,
379927,0,0,0,,,,,
379937,0,0,0,,,,,
379949,0,0,0,,,,,
379960,0,0,0,,,,,
379971,0,0,0,,,,,
379982,0,0,0,,,,,
379994,0,0,0,,,,,
380005,0,0,0,,,,,
380015,0,0,0,,,,,
380026,0,0,0,,,,,
380038,0,0,0,,,,,
380049,0,0,0,,,,,
380060,0,0,0,,,,,
380071,0,0,0,,,,,
380082,0,0,0,,,,,
380093,0,0,0,,,,,
380104,0,0,0,,,,,
380115,0,0,0,,,,,
380127,0,0,0,,,,,
380138,0,0,0,,,,,
380149,0,0,0,,,,,
380182,0,0,0,,,,,
380194,0,0,0,,,,,
380206,0,0,0,,,,,
380217,0,0,0,,,,,
380227,0,0,0,,,,,
380238,0,0,0,,,,,
380250,0,0,0,,,,,
380264,0,0,0,,,,,
380275,0,0,0,,,,,
380286,0,0,0,,,,,
380298,0,0,0,,,,,
380309,0,0,0,,,,,
380320,0,0,0,,,,,
380332,0,0,0,,,,,
380343,0,0,0,,,,,
380354,0,0,0,,,,,
380364,0,0,0,,,,,
380376,0,0,0,,,,,
380387,0,0,0,,,,,
380398,0,0,0,,,,,
380409,0,0,0,,,,,
380421,0,0,0,,,,,
380432,0,0,0,,,,,
380442,0,0,0,,,,,
380453,0,0,0,,,,,
380465,0,0,0,,,,,
380476,0,0,0,,,,,
380487,0,0,0,,,,,
380498,0,0,0,,,,,
380510,0,0,0,,,,,
380521,0,0,0,,,,,
380531,0,0,0,,,,,
380542,0,0,0,,,,,
380554,0,0,0,,,,,
380565,0,0,0,,,,,
380576,0,0,0,,,,,
380588,0,0,0,,,,,
380599,0,0,0,,,,,
380609,0,0,0,,,,,
380620,0,0,0,,,,,
380632,0,0,0,,,,,
380643,0,0,0,,,,,
380654,0,0,0,,,,,
380668,0,0,0,,,,,
380680,0,0,0,,,,,
380691,0,0,0,,,,,
380702,0,0,0,,,,,
380712,0,0,0,,,,,
380724,0,0,0,,,,,
380735,0,0,0,,,,,
380746,0,0,0,,,,,
380758,0,0,0,,,,,
380769,0,0,0,,,,,
380780,0,0,0,,,,,
380790,0,0,0,,,,,
380802,0,0,0,,,,,
380813,0,0,0,,,,,
380824,0,0,0,,,,,
380835,0,0,0,,,,,
380847,0,0,0,,,,,
380858,0,0,0,,,,,
380868,0,0,0,,,,,
380879,0,1,0,,,,,
380891,0,1,0,,,,,
380902,0.01,2,0.00011,,,,,
380913,0.01,2,0.00011,,,,,
380924,0.01,3,0.00011,,,,,
380936,0,1,0,,,,,
380947,0,0,0,,,,,
380958,0.01,2,0.00011,,,,,
380969,0,0,0,,,,,
380981,0.01,2,0.00012,,,,,
380992,0.01,2,0.00011,,,,,
381003,0.02,4,0.00022,,,,,
381015,0.02,4,0.00024,,,,,
381025,0,0,0,,,,,
381036,0.01,3,0.00011,,,,,
381047,0,0,0,,,,,
381059,0.01,2,0.00012,,,,,
381070,0,0,0,,,,,
381084,0.01,3,0.00014,,,,,
381095,0.01,2,0.00011,,,,,
381107,0.01,2,0.00012,,,,,
381118,0.01,2,0.00011,,,,,
381129,0.01,2,0.00011,,,,,
381140,0.01,2,0.00011,,,,,
381152,0,1,0,,,,,
381162,0.01,2,0.0001,,,,,
381173,0,1,0,,,,,
381185,0.01,2,0.00012,,,,,
381196,0.01,2,0.00011,,,,,
381207,0.01,2,0.00011,,,,,
381218,0.01,3,0.00011,,,,,
381230,0.01,3,0.00012,,,,,
381241,0.01,3,0.00011,,,,,
381252,0.01,2,0.00011,,,,,
381263,0.01,3,0.00011,,,,,
381275,0.02,4,0.00024,,,,,
381286,0.02,4,0.00022,,,,,
381297,0.02,4,0.00022,,,,,
381308,0.02,4,0.00022,,,,,
381320,0.02,4,0.00024,,,,,
381331,0,0,0,,,,,
381341,0.01,3,0.0001,,,,,
381352,0.01,2,0.00011,,,,,
381364,0.01,3,0.00012,,,,,
381375,0.02,4,0.00022,,,,,
381386,0.02,4,0.00022,,,,,
381398,0.02,4,0.00024,,,,,
381409,0.01,3,0.00011,,,,,
381420,0.01,2,0.00011,,,,,
381431,0.01,2,0.00011,,,,,
381443,0.01,3,0.00012,,,,,
381454,0,0,0,,,,,
381465,0.01,2,0.00011,,,,,
381476,0,1,0,,,,,
381491,0,1,0,,,,,
381502,0.01,2,0.00011,,,,,
381512,0,0,0,,,,,
381523,0.01,2,0.00011,,,,,
381535,0,1,0,,,,,
381546,0.01,2,0.00011,,,,,
381557,0,1,0,,,,,
381569,0,1,0,,,,,
381580,0,0,0,,,,,
381591,0,0,0,,,,,
381602,0,0,0,,,,,
381614,0,0,0,,,,,
381624,0,0,0,,,,,
381635,0,0,0,,,,,
381646,0,0,0,,,,,
381658,0,0,0,,,,,
381669,0,0,0,,,,,
381680,0,0,0,,,,,
381691,0,0,0,,,,,
381702,0,0,0,,,,,
381713,0,0,0,,,,,
381724,0,0,0,,,,,
381735,0,0,0,,,,,
381747,0,0,0,,,,,
381758,0,0,0,,,,,
381769,0,0,0,,,,,
381780,0,0,0,,,,,
381791,0,0,0,,,,,
381802,0,0,0,,,,,
381813,0,0,0,,,,,
381825,0,0,0,,,,,
381836,0,0,0,,,,,
381847,0,0,0,,,,,
381858,0,0,0,,,,,
381869,0,0,0,,,,,
381880,0,0,0,,,,,
381891,0,0,0,,,,,
381905,0,0,0,,,,,
381917,0,0,0,,,,,
381928,0,0,0,,,,,
381939,0,0,0,,,,,
381950,0,0,0,,,,,
381961,0,0,0,,,,,
381972,0,0,0,,,,,
381983,0,0,0,,,,,
381995,0,0,0,,,,,
382006,0,0,0,,,,,
382017,0,0,0,,,,,
382028,0,0,0,,,,,
382040,0,0,0,,,,,
382050,0,0,0,,,,,
382061,0,0,0,,,,,
382072,0,0,0,,,,,
382084,0,0,0,,,,,
382095,0,0,0,,,,,
382106,0,0,0,,,,,
382117,0,0,0,,,,,
382128,0,0,0,,,,,
382139,0,0,0,,,,,
382150,0,0,0,,,,,
382161,0,0,0,,,,,
382173,0,0,0,,,,,
382184,0,0,0,,,,,
382195,0,0,0,,,,,
382206,0,0,0,,,,,
382217,0,0,0,,,,,
382228,0,0,0,,,,,
382239,0,0,0,,,,,
382251,0,0,0,,,,,
382262,0,0,0,,,,,
382273,0,0,0,,,,,
382283,0,0,0,,,,,
382295,0,0,0,,,,,
382309,0,0,0,,,,,
382320,0,0,0,,,,,
382331,0,0,0,,,,,
382343,0,0,0,,,,,
382354,0,0,0,,,,,
382365,0,0,0,,,,,
382375,0,0,0,,,,,
382387,0,0,0,,,,,
382398,0,0,0,,,,,
382409,0,0,0,,,,,
382420,0,0,0,,,,,
382432,0,0,0,,,,,
382443,0,0,0,,,,,
382453,0,0,0,,,,,
382465,0,0,0,,,,,
382476,0,0,0,,,,,
382487,0,0,0,,,,,
382498,0,0,0,,,,,
382510,0,0,0,,,,,
382521,0,0,0,,,,,
382532,0,0,0,,,,,
382542,0,0,0,,,,,
382554,0,0,0,,,,,
382565,0,0,0,,,,,
382576,0,0,0,,,,,
382587,0,0,0,,,,,
382599,0,0,0,,,,,
382610,0,0,0,,,,,
382621,0,0,0,,,,,
382631,0,0,0,,,,,
382643,0,0,0,,,,,
382654,0,0,0,,,,,
382665,0,0,0,,,,,
382676,0,0,0,,,,,
382688,0,0,0,,,,,
382699,0,0,0,,,,,
382709,0,0,0,,,,,
382724,0,0,0,,,,,
382735,0,0,0,,,,,
382746,0,0,0,,,,,
382757,0,0,0,,,,,
382769,0,0,0,,,,,
382780,0,0,0,,,,,
382791,0,0,0,,,,,
382801,0,0,0,,,,,
382813,0,0,0,,,,,
382824,0,0,0,,,,,
382835,0,0,0,,,,,
382846,0,0,0,,,,,
382858,0,0,0,,,,,
382869,0,0,0,,,,,
382880,0,0,0,,,,,
382891,0,0,0,,,,,
382902,0,0,0,,,,,
382913,0,0,0,,,,,
382924,0,0,0,,,,,
382936,0,0,0,,,,,
382947,0,0,0,,,,,
382958,0,0,0,,,,,
382969,0,0,0,,,,,
382980,0,0,0,,,,,
382991,0,0,0,,,,,
383002,0,0,0,,,,,
383036,0,0,0,,,,,
383047,0,0,0,,,,,
383058,0,0,0,,,,,
383070,0,0,0,,,,,
383081,0,0,0,,,,,
383092,0,0,0,,,,,
383102,0,0,0,,,,,
383114,0,0,0,,,,,
383125,0,0,0,,,,,
383136,0,0,0,,,,,
383148,0,0,0,,,,,
383162,0,0,0,,,,,
383173,0,0,0,,,,,
383184,0,0,0,,,,,
383196,0,0,0,,,,,
383207,0,0,0,,,,,
383218,0,0,0,,,,,
383228,0,0,0,,,,,
383240,0,0,0,,,,,
383251,0,0,0,,,,,
383262,0,0,0,,,,,
383273,0,0,0,,,,,
383285,0,0,0,,,,,
383295,0,0,0,,,,,
383306,0,0,0,,,,,
383318,0,0,0,,,,,
383329,0,0,0,,,,,
383340,0,0,0,,,,,
383351,0,0,0,,,,,
383363,0,0,0,,,,,
383373,0,0,0,,,,,
383384,0,0,0,,,,,
383395,0,0,0,,,,,
383407,0,0,0,,,,,
383418,0,0,0,,,,,
383429,0,0,0,,,,,
383440,0,0,0,,,,,
383451,0,0,0,,,,,
383462,0,0,0,,,,,
383473,0,0,0,,,,,
383484,0,0,0,,,,,
383496,0,0,0,,,,,
383507,0,0,0,,,,,
383518,0,0,0,,,,,
383528,0,0,0,,,,,
383540,0,0,0,,,,,
383551,0,0,0,,,,,
383565,0,0,0,,,,,
383577,0,0,0,,,,,
383588,0,0,0,,,,,
383598,0,0,0,,,,,
383609,0,0,0,,,,,
383621,0,0,0,,,,,
383632,0,0,0,,,,,
383643,0,0,0,,,,,
383654,0,0,0,,,,,
383666,0,0,0,,,,,
383677,0,0,0,,,,,
383687,0,0,0,,,,,
383698,0,0,0,,,,,
383710,0,0,0,,,,,
383721,0,0,0,,,,,
383732,0,0,0,,,,,
383744,0,0,0,,,,,
383755,0,0,0,,,,,
383765,0,0,0,,,,,
383776,0,0,0,,,,,
383788,0,0,0,,,,,
383799,0,0,0,,,,,
383810,0,0,0,,,,,
383821,0,0,0,,,,,
383832,0,0,0,,,,,
383843,0,0,0,,,,,
383854,0,0,0,,,,,
383865,0,0,0,,,,,
383877,0,0,0,,,,,
383888,0,0,0,,,,,
383899,0,0,0,,,,,
383909,0,0,0,,,,,
383921,0,0,0,,,,,
383932,0,0,0,,,,,
383943,0,0,0,,,,,
383954,0,0,0,,,,,
383966,0,0,0,,,,,
383980,0,0,0,,,,,
383990,0,0,0,,,,,
384002,0,0,0,,,,,
384013,0,0,0,,,,,
384024,0,0,0,,,,,
384035,0,0,0,,,,,
384047,0,0,0,,,,,
384058,0,0,0,,,,,
384068,0,0,0,,,,,
384079,0,0,0,,,,,
384091,0,0,0,,,,,
384102,0,0,0,,,,,
384113,0,0,0,,,,,
384124,0,0,0,,,,,
384135,0,0,0,,,,,
384146,0,0,0,,,,,
384157,0,0,0,,,,,
384168,0,0,0,,,,,
384180,0,0,0,,,,,
384191,0,0,0,,,,,
384202,0,0,0,,,,,
384212,0,0,0,,,,,
384224,0,0,0,,,,,
384235,0,0,0,,,,,
384246,0,0,0,,,,,
384258,0,0,0,,,,,
384269,0,0,0,,,,,
384280,0,0,0,,,,,
384290,0,0,0,,,,,
384302,0,0,0,,,,,
384313,0,0,0,,,,,
384324,0,0,0,,,,,
384335,0,0,0,,,,,
384347,0,0,0,,,,,
384358,0,0,0,,,,,
384369,0,0,0,,,,,
384382,0,0,0,,,,,
384394,0,0,0,,,,,
384405,0,0,0,,,,,
384416,0,0,0,,,,,
384428,0,0,0,,,,,
384439,0,0,0,,,,,
384449,0,0,0,,,,,
384460,0,0,0,,,,,
384472,0,0,0,,,,,
384483,0,0,0,,,,,
384494,0,0,0,,,,,
384505,0,0,0,,,,,
384517,0,0,0,,,,,
384527,0,0,0,,,,,
384538,0,0,0,,,,,
384549,0,0,0,,,,,
384561,0,0,0,,,,,
384572,0,0,0,,,,,
384583,0,0,0,,,,,
384594,0,0,0,,,,,
384605,0,0,0,,,,,
384616,0,0,0,,,,,
384627,0,0,0,,,,,
384638,0,0,0,,,,,
384650,0,0,0,,,,,
384661,0,0,0,,,,,
384672,0,0,0,,,,,
384683,0,0,0,,,,,
384694,0,0,0,,,,,
384705,0,0,0,,,,,
384716,0,0,0,,,,,
384728,0,0,0,,,,,
384739,0,0,0,,,,,
384749,0,0,0,,,,,
384760,0,0,0,,,,,
384772,0,0,0,,,,,
384783,0,0,0,,,,,
384797,0,0,0,,,,,
384808,0,0,0,,,,,
384820,0,0,0,,,,,
384830,0,0,0,,,,,
384841,0,0,0,,,,,
384852,0,0,0,,,,,
384864,0,0,0,,,,,
384875,0,0,0,,,,,
384886,0,0,0,,,,,
384898,0,0,0,,,,,
384908,0,0,0,,,,,
384919,0,0,0,,,,,
384930,0,0,0,,,,,
384942,0,0,0,,,,,
384953,0,0,0,,,,,
384964,0,0,0,,,,,
384974,0,0,0,,,,,
384986,0,0,0,,,,,
384997,0,0,0,,,,,
385008,0,0,0,,,,,
385019,0,0,0,,,,,
385031,0,0,0,,,,,
385042,0,0,0,,,,,
385052,0,0,0,,,,,
385063,0,0,0,,,,,
385075,0,0,0,,,,,
385086,0,0,0,,,,,
385097,0,0,0,,,,,
385108,0,0,0,,,,,
385120,0,0,0,,,,,
385130,0,0,0,,,,,
385141,0,0,0,,,,,
385153,0,0,0,,,,,
385164,0,0,0,,,,,
385175,0,0,0,,,,,
385186,0,0,0,,,,,
385200,0,0,0,,,,,
385211,0,0,0,,,,,
385222,0,0,0,,,,,
385233,0,0,0,,,,,
385245,0,0,0,,,,,
385256,0,0,0,,,,,
385267,0,0,0,,,,,
385277,0,0,0,,,,,
385289,0,0,0,,,,,
385300,0,0,0,,,,,
385311,0,0,0,,,,,
385323,0,0,0,,,,,
385334,0,0,0,,,,,
385345,0,0,0,,,,,
385355,0,0,0,,,,,
385367,0,0,0,,,,,
385378,0,0,0,,,,,
385389,0,0,0,,,,,
385400,0,0,0,,,,,
385412,0,0,0,,,,,
385422,0,0,0,,,,,
385433,0,0,0,,,,,
385444,0,0,0,,,,,
385456,0,0,0,,,,,
385467,0,0,0,,,,,
385478,0,0,0,,,,,
385489,0,0,0,,,,,
385500,0,0,0,,,,,
385511,0,0,0,,,,,
385522,0,0,0,,,,,
385533,0,0,0,,,,,
385545,0,0,0,,,,,
385556,0,0,0,,,,,
385567,0,0,0,,,,,
385577,0,0,0,,,,,
385589,0,0,0,,,,,
385600,0,0,0,,,,,
385614,0,0,0,,,,,
385626,0,0,0,,,,,
385637,0,0,0,,,,,
385648,0,0,0,,,,,
385658,0,0,0,,,,,
385670,0,0,0,,,,,
385681,0,0,0,,,,,
385692,0,0,0,,,,,
385703,0,0,0,,,,,
385715,0,0,0,,,,,
385725,0,0,0,,,,,
385736,0,0,0,,,,,
385747,0,0,0,,,,,
385759,0,0,0,,,,,
385770,0,0,0,,,,,
385781,0,0,0,,,,,
385793,0,0,0,,,,,
385803,0,0,0,,,,,
385814,0,0,0,,,,,
385825,0,0,0,,,,,
385837,0,0,0,,,,,
385848,0,0,0,,,,,
385883,0,0,0,,,,,
385894,0,0,0,,,,,
385905,0,0,0,,,,,
385916,0,0,0,,,,,
385928,0,0,0,,,,,
385939,0,0,0,,,,,
385950,0,0,0,,,,,
385961,0,0,0,,,,,
385973,0,0,0,,,,,
385983,0,0,0,,,,,
385994,0,0,0,,,,,
386006,0,0,0,,,,,
386017,0,0,0,,,,,
386028,0,0,0,,,,,
386039,0,0,0,,,,,
386054,0,0,0,,,,,
386065,0,0,0,,,,,
386076,0,0,0,,,,,
386086,0,0,0,,,,,
386098,0,0,0,,,,,
386109,0,0,0,,,,,
386120,0,0,0,,,,,
386131,0,0,0,,,,,
386143,0,0,0,,,,,
386154,0,0,0,,,,,
386164,0,0,0,,,,,
386176,0,0,0,,,,,
386187,0,0,0,,,,,
386198,0,0,0,,,,,
386209,0,0,0,,,,,
386221,0,0,0,,,,,
386232,0,0,0,,,,,
386243,0,0,0,,,,,
386253,0,0,0,,,,,
386265,0,0,0,,,,,
386276,0,0,0,,,,,
386287,0,0,0,,,,,
386298,0,0,0,,,,,
386310,0,0,0,,,,,
386321,0,0,0,,,,,
386331,0,0,0,,,,,
386342,0,0,0,,,,,
386354,0,0,0,,,,,
386365,0,0,0,,,,,
386376,0,0,0,,,,,
386387,0,0,0,,,,,
386398,0,0,0,,,,,
386409,0,0,0,,,,,
386420,0,0,0,,,,,
386432,0,0,0,,,,,
386443,0,0,0,,,,,
386457,0,0,0,,,,,
386468,0,0,0,,,,,
386480,0,0,0,,,,,
386490,0,0,0,,,,,
386501,0,0,0,,,,,
386512,0,0,0,,,,,
386524,0,0,0,,,,,
386535,0,0,0,,,,,
386546,0,0,0,,,,,
386557,0,0,0,,,,,
386568,0,0,0,,,,,
386579,0,0,0,,,,,
386590,0,0,0,,,,,
386601,0,0,0,,,,,
386613,0,0,0,,,,,
386624,0,0,0,,,,,
386635,0,0,0,,,,,
386647,0,0,0,,,,,
386657,0,0,0,,,,,
386668,0,0,0,,,,,
386679,0,0,0,,,,,
386691,0,0,0,,,,,
386702,0,0,0,,,,,
386713,0,0,0,,,,,
386723,0,0,0,,,,,
386735,0,0,0,,,,,
386746,0,0,0,,,,,
386757,0,0,0,,,,,
386768,0,0,0,,,,,
386780,0,0,0,,,,,
386791,0,0,0,,,,,
386801,0,0,0,,,,,
386812,0,0,0,,,,,
386824,0,0,0,,,,,
386835,0,0,0,,,,,
386846,0,0,0,,,,,
386857,0,0,0,,,,,
386872,0,0,0,,,,,
386882,0,0,0,,,,,
386893,0,0,0,,,,,
386905,0,0,0,,,,,
386916,0,0,0,,,,,
386927,0,0,0,,,,,
386938,0,0,0,,,,,
386950,0,0,0,,,,,
386961,0,0,0,,,,,
386971,0,0,0,,,,,
386982,0,0,0,,,,,
386994,0,0,0,,,,,
387005,0,0,0,,,,,
387016,0,0,0,,,,,
387027,0,0,0,,,,,
387039,0,0,0,,,,,
387050,0,0,0,,,,,
387060,0,0,0,,,,,
387072,0,0,0,,,,,
387083,0,0,0,,,,,
387094,0,0,0,,,,,
387105,0,0,0,,,,,
387117,0,0,0,,,,,
387128,0,0,0,,,,,
387139,0,0,0,,,,,
387149,0,0,0,,,,,
387161,0,0,0,,,,,
387172,0,0,0,,,,,
387183,0,0,0,,,,,
387194,0,0,0,,,,,
387206,0,0,0,,,,,
387217,0,0,0,,,,,
387227,0,0,0,,,,,
387238,0,0,0,,,,,
387250,0,0,0,,,,,
387261,0,0,0,,,,,
387275,0,0,0,,,,,
387287,0,0,0,,,,,
387298,0,0,0,,,,,
387309,0,0,0,,,,,
387319,0,0,0,,,,,
387331,0,0,0,,,,,
387342,0,0,0,,,,,
387353,0,0,0,,,,,
387364,0,0,0,,,,,
387376,0,0,0,,,,,
387386,0,0,0,,,,,
387397,0,0,0,,,,,
387408,0,0,0,,,,,
387420,0,0,0,,,,,
387431,0,0,0,,,,,
387442,0,0,0,,,,,
387453,0,0,0,,,,,
387464,0,0,0,,,,,
387475,0,0,0,,,,,
387486,0,0,0,,,,,
387497,0,0,0,,,,,
387509,0,0,0,,,,,
387520,0,0,0,,,,,
387531,0,0,0,,,,,
387542,0,0,0,,,,,
387553,0,0,0,,,,,
387564,0,0,0,,,,,
387575,0,0,0,,,,,
387587,0,0,0,,,,,
387598,0,0,0,,,,,
387609,0,0,0,,,,,
387620,0,0,0,,,,,
387631,0,0,0,,,,,
387642,0,0,0,,,,,
387653,0,0,0,,,,,
387664,0,0,0,,,,,
387676,0,0,0,,,,,
387690,0,0,0,,,,,
387700,0,0,0,,,,,
387712,0,0,0,,,,,
387723,0,0,0,,,,,
387734,0,0,0,,,,,
387745,0,0,0,,,,,
387757,0,0,0,,,,,
387768,0,0,0,,,,,
387778,0,0,0,,,,,
387789,0,0,0,,,,,
387801,0,0,0,,,,,
387812,0,0,0,,,,,
387823,0,0,0,,,,,
387834,0,0,0,,,,,
387846,0,0,0,,,,,
387856,0,0,0,,,,,
387867,0,0,0,,,,,
387878,0,0,0,,,,,
387890,0,0,0,,,,,
387901,0,0,0,,,,,
387912,0,0,0,,,,,
387923,0,0,0,,,,,
387934,0,0,0,,,,,
387945,0,0,0,,,,,
387956,0,0,0,,,,,
387968,0,0,0,,,,,
387979,0,0,0,,,,,
387990,0,0,0,,,,,
388000,0,0,0,,,,,
388012,0,0,0,,,,,
388023,0,0,0,,,,,
388034,0,0,0,,,,,
388045,0,0,0,,,,,
388057,0,0,0,,,,,
388068,0,0,0,,,,,
388079,0,0,0,,,,,
388092,0,0,0,,,,,
388104,0,0,0,,,,,
388115,0,0,0,,,,,
388126,0,0,0,,,,,
388137,0,0,0,,,,,
388149,0,0,0,,,,,
388160,0,0,0,,,,,
388170,0,0,0,,,,,
388182,0,0,0,,,,,
388193,0,0,0,,,,,
388204,0,0,0,,,,,
388215,0,0,0,,,,,
388227,0,0,0,,,,,
388238,0,0,0,,,,,
388248,0,0,0,,,,,
388259,0,0,0,,,,,
388271,0,0,0,,,,,
388282,0,0,0,,,,,
388293,0,0,0,,,,,
388304,0,0,0,,,,,
388315,0,0,0,,,,,
388326,0,0,0,,,,,
388337,0,0,0,,,,,
388348,0,0,0,,,,,
388360,0,0,0,,,,,
388371,0,0,0,,,,,
388382,0,0,0,,,,,
388392,0,0,0,,,,,
388404,0,0,0,,,,,
388415,0,0,0,,,,,
388426,0,0,0,,,,,
388438,0,0,0,,,,,
388449,0,0,0,,,,,
388460,0,0,0,,,,,
388470,0,0,0,,,,,
388482,0,0,0,,,,,
388493,0,0,0,,,,,
388507,0,0,0,,,,,
388518,0,0,0,,,,,
388530,0,0,0,,,,,
388541,0,0,0,,,,,
388552,0,0,0,,,,,
388562,0,0,0,,,,,
388574,0,0,0,,,,,
388585,0,0,0,,,,,
388596,0,0,0,,,,,
388608,0,0,0,,,,,
388619,0,0,0,,,,,
388630,0,0,0,,,,,
388640,0,0,0,,,,,
388652,0,0,0,,,,,
388663,0,0,0,,,,,
388674,0,0,0,,,,,
388685,0,0,0,,,,,
388697,0,0,0,,,,,
388747,0,0,0,,,,,
388759,0,0,0,,,,,
388770,0,0,0,,,,,
388782,0,0,0,,,,,
388793,0,0,0,,,,,
388803,0,0,0,,,,,
388814,0,0,0,,,,,
388826,0,0,0,,,,,
388837,0,0,0,,,,,
388848,0,0,0,,,,,
388859,0,0,0,,,,,
388871,0,0,0,,,,,
388882,0,0,0,,,,,
388893,0,0,0,,,,,
388904,0,0,0,,,,,
388916,0,0,0,,,,,
388926,0,0,0,,,,,
388937,0,0,0,,,,,
388948,0,0,0,,,,,
388963,0,0,0,,,,,
388974,0,0,0,,,,,
388985,0,0,0,,,,,
388996,0,0,0,,,,,
389007,0,0,0,,,,,
389018,0,0,0,,,,,
389029,0,0,0,,,,,
389041,0,0,0,,,,,
389052,0,0,0,,,,,
389063,0,0,0,,,,,
389073,0,0,0,,,,,
389085,0,0,0,,,,,
389096,0,0,0,,,,,
389107,0,0,0,,,,,
389118,0,0,0,,,,,
389130,0,0,0,,,,,
389141,0,0,0,,,,,
389151,0,0,0,,,,,
389163,0,0,0,,,,,
389174,0,0,0,,,,,
389185,0,0,0,,,,,
389196,0,0,0,,,,,
389208,0,0,0,,,,,
389219,0,0,0,,,,,
389229,0,0,0,,,,,
389240,0,0,0,,,,,
389252,0,0,0,,,,,
389263,0,0,0,,,,,
389274,0,0,0,,,,,
389285,0,0,0,,,,,
389296,0,0,0,,,,,
389307,0,0,0,,,,,
389318,0,0,0,,,,,
389329,0,0,0,,,,,
389341,0,0,0,,,,,
389352,0,0,0,,,,,
389366,0,0,0,,,,,
389377,0,0,0,,,,,
389388,0,0,0,,,,,
389399,0,0,0,,,,,
389410,0,0,0,,,,,
389422,0,0,0,,,,,
389433,0,0,0,,,,,
389444,0,0,0,,,,,
389454,0,0,0,,,,,
389466,0,0,0,,,,,
389477,0,0,0,,,,,
389488,0,0,0,,,,,
389499,0,0,0,,,,,
389511,0,0,0,,,,,
389521,0,0,0,,,,,
389532,0,0,0,,,,,
389543,0,0,0,,,,,
389555,0,0,0,,,,,
389566,0,0,0,,,,,
389577,0,0,0,,,,,
389588,0,0,0,,,,,
389599,0,0,0,,,,,
389610,0,0,0,,,,,
389621,0,0,0,,,,,
389633,0,0,0,,,,,
389644,0,0,0,,,,,
389655,0,0,0,,,,,
389666,0,0,0,,,,,
389677,0,0,0,,,,,
389688,0,0,0,,,,,
389699,0,0,0,,,,,
389710,0,0,0,,,,,
389722,0,0,0,,,,,
389733,0,0,0,,,,,
389743,0,0,0,,,,,
389754,0,0,0,,,,,
389766,0,0,0,,,,,
389780,0,0,0,,,,,
389791,0,0,0,,,,,
389803,0,0,0,,,,,
389814,0,0,0,,,,,
389824,0,0,0,,,,,
389835,0,0,0,,,,,
389847,0,0,0,,,,,
389858,0,0,0,,,,,
389869,0,0,0,,,,,
389880,0,0,0,,,,,
389892,0,0,0,,,,,
389902,0,0,0,,,,,
389913,0,0,0,,,,,
389924,0,0,0,,,,,
389936,0,0,0,,,,,
389947,0,0,0,,,,,
389958,0,0,0,,,,,
389969,0,0,0,,,,,
389980,0,0,0,,,,,
389991,0,0,0,,,,,
390002,0,0,0,,,,,
390013,0,0,0,,,,,
390025,0,0,0,,,,,
390036,0,0,0,,,,,
390046,0,0,0,,,,,
390057,0,0,0,,,,,
390069,0,0,0,,,,,
390080,0,0,0,,,,,
390091,0,0,0,,,,,
390103,0,0,0,,,,,
390114,0,0,0,,,,,
390124,0,0,0,,,,,
390135,0,0,0,,,,,
390147,0,0,0,,,,,
390158,0,0,0,,,,,
390169,0,0,0,,,,,
390183,0,0,0,,,,,
390195,0,0,0,,,,,
390205,0,0,0,,,,,
390216,0,0,0,,,,,
390227,0,0,0,,,,,
390239,0,0,0,,,,,
390250,0,0,0,,,,,
390261,0,0,0,,,,,
390273,0,0,0,,,,,
390283,0,0,0,,,,,
390294,0,0,0,,,,,
390305,0,0,0,,,,,
390317,0,0,0,,,,,
390328,0,0,0,,,,,
390339,0,0,0,,,,,
390349,0,0,0,,,,,
390361,0,0,0,,,,,
390372,0,0,0,,,,,
390383,0,0,0,,,,,
390394,0,0,0,,,,,
390406,0,0,0,,,,,
390417,0,0,0,,,,,
390427,0,0,0,,,,,
390438,0,0,0,,,,,
390450,0,0,0,,,,,
390461,0,0,0,,,,,
390472,0,0,0,,,,,
390483,0,0,0,,,,,
390495,0,0,0,,,,,
390505,0,0,0,,,,,
390516,0,0,0,,,,,
390528,0,0,0,,,,,
390539,0,0,0,,,,,
390550,0,0,0,,,,,
390561,0,0,0,,,,,
390572,0,0,0,,,,,
390583,0,0,0,,,,,
390597,0,0,0,,,,,
390608,0,0,0,,,,,
390620,0,0,0,,,,,
390631,0,0,0,,,,,
390642,0,0,0,,,,,
390652,0,0,0,,,,,
390664,0,0,0,,,,,
390675,0,0,0,,,,,
390686,0,0,0,,,,,
390697,0,0,0,,,,,
390709,0,0,0,,,,,
390720,0,0,0,,,,,
390730,0,0,0,,,,,
390742,0,0,0,,,,,
390753,0,0,0,,,,,
390764,0,0,0,,,,,
390775,0,0,0,,,,,
390787,0,0,0,,,,,
390798,0,0,0,,,,,
390808,0,0,0,,,,,
390819,0,0,0,,,,,
390831,0,0,0,,,,,
390842,0,0,0,,,,,
390853,0,0,0,,,,,
390864,0,0,0,,,,,
390876,0,0,0,,,,,
390886,0,0,0,,,,,
390897,0,0,0,,,,,
390908,0,0,0,,,,,
390920,0,0,0,,,,,
390931,0,0,0,,,,,
390942,0,0,0,,,,,
390953,0,0,0,,,,,
390964,0,0,0,,,,,
390975,0,0,0,,,,,
390986,0,0,0,,,,,
391001,0,0,0,,,,,
391012,0,0,0,,,,,
391023,0,0,0,,,,,
391034,0,0,0,,,,,
391045,0,0,0,,,,,
391056,0,0,0,,,,,
391067,0,0,0,,,,,
391078,0,0,0,,,,,
391090,0,0,0,,,,,
391101,0,0,0,,,,,
391111,0,0,0,,,,,
391122,0,0,0,,,,,
391134,0,0,0,,,,,
391145,0,0,0,,,,,
391156,0,0,0,,,,,
391168,0,0,0,,,,,
391179,0,0,0,,,,,
391189,0,0,0,,,,,
391200,0,0,0,,,,,
391212,0,0,0,,,,,
391223,0,0,0,,,,,
391234,0,0,0,,,,,
391245,0,0,0,,,,,
391257,0,0,0,,,,,
391267,0,0,0,,,,,
391278,0,0,0,,,,,
391289,0,0,0,,,,,
391301,0,0,0,,,,,
391312,0,0,0,,,,,
391323,0,0,0,,,,,
391334,0,0,0,,,,,
391345,0,0,0,,,,,
391356,0,0,0,,,,,
391367,0,0,0,,,,,
391378,0,0,0,,,,,
391390,0,0,0,,,,,
391401,0,0,0,,,,,
391415,0,0,0,,,,,
391426,0,0,0,,,,,
391437,0,0,0,,,,,
391448,0,0,0,,,,,
391459,0,0,0,,,,,
391471,0,0,0,,,,,
391482,0,0,0,,,,,
391492,0,0,0,,,,,
391503,0,0,0,,,,,
391515,0,0,0,,,,,
391552,0,0,0,,,,,
391563,0,0,0,,,,,
391574,0,0,0,,,,,
391585,0,0,0,,,,,
391597,0,0,0,,,,,
391608,0,0,0,,,,,
391619,0,0,0,,,,,
391629,0,0,0,,,,,
391641,0,0,0,,,,,
391652,0,0,0,,,,,
391663,0,0,0,,,,,
391674,0,0,0,,,,,
391686,0,0,0,,,,,
391697,0,0,0,,,,,
391708,0,0,0,,,,,
391718,0,0,0,,,,,
391730,0,0,0,,,,,
391741,0,0,0,,,,,
391752,0,0,0,,,,,
391763,0,0,0,,,,,
391775,0,0,0,,,,,
391786,0,0,0,,,,,
391797,0,0,0,,,,,
391808,0,0,0,,,,,
391819,0,0,0,,,,,
391830,0,0,0,,,,,
391841,0,0,0,,,,,
391856,0,0,0,,,,,
391867,0,0,0,,,,,
391878,0,0,0,,,,,
391889,0,0,0,,,,,
391900,0,0,0,,,,,
391911,0,0,0,,,,,
391922,0,0,0,,,,,
391933,0,0,0,,,,,
391945,0,0,0,,,,,
391956,0,0,0,,,,,
391967,0,0,0,,,,,
391977,0,0,0,,,,,
391989,0,0,0,,,,,
392000,0,0,0,,,,,
392011,0,0,0,,,,,
392023,0,0,0,,,,,
392034,0,0,0,,,,,
392045,0,0,0,,,,,
392055,0,0,0,,,,,
392067,0,0,0,,,,,
392078,0,0,0,,,,,
392089,0,0,0,,,,,
392100,0,0,0,,,,,
392112,0,0,0,,,,,
392122,0,0,0,,,,,
392133,0,0,0,,,,,
392144,0,0,0,,,,,
392156,0,0,0,,,,,
392167,0,0,0,,,,,
392178,0,0,0,,,,,
392189,0,0,0,,,,,
392201,0,0,0,,,,,
392211,0,0,0,,,,,
392222,0,0,0,,,,,
392233,0,0,0,,,,,
392245,0,0,0,,,,,
392259,0,0,0,,,,,
392270,0,0,0,,,,,
392282,0,0,0,,,,,
392293,0,0,0,,,,,
392303,0,0,0,,,,,
392314,0,0,0,,,,,
392326,0,0,0,,,,,
392337,0,0,0,,,,,
392348,0,0,0,,,,,
392359,0,0,0,,,,,
392371,0,0,0,,,,,
392381,0,0,0,,,,,
392392,0,0,0,,,,,
392403,0,0,0,,,,,
392415,0,0,0,,,,,
392426,0,0,0,,,,,
392437,0,0,0,,,,,
392449,0,0,0,,,,,
392460,0,0,0,,,,,
392470,0,0,0,,,,,
392481,0,0,0,,,,,
392493,0,0,0,,,,,
392504,0,0,0,,,,,
392515,0,0,0,,,,,
392526,0,0,0,,,,,
392538,0,0,0,,,,,
392548,0,0,0,,,,,
392559,0,0,0,,,,,
392570,0,0,0,,,,,
392582,0,0,0,,,,,
392593,0,0,0,,,,,
392604,0,0,0,,,,,
392615,0,0,0,,,,,
392626,0,0,0,,,,,
392637,0,0,0,,,,,
392648,0,0,0,,,,,
392659,0,0,0,,,,,
392674,0,0,0,,,,,
392685,0,0,0,,,,,
392696,0,0,0,,,,,
392708,0,0,0,,,,,
392718,0,0,0,,,,,
392729,0,0,0,,,,,
392740,0,0,0,,,,,
392752,0,0,0,,,,,
392763,0,0,0,,,,,
392774,0,0,0,,,,,
392785,0,0,0,,,,,
392796,0,0,0,,,,,
392807,0,0,0,,,,,
392818,0,0,0,,,,,
392829,0,0,0,,,,,
392841,0,0,0,,,,,
392852,0,0,0,,,,,
392863,0,0,0,,,,,
392873,0,0,0,,,,,
392885,0,0,0,,,,,
392896,0,0,0,,,,,
392907,0,0,0,,,,,
392919,0,0,0,,,,,
392930,0,0,0,,,,,
392941,0,0,0,,,,,
392952,0,0,0,,,,,
392963,0,0,0,,,,,
392974,0,0,0,,,,,
392985,0,0,0,,,,,
392996,0,0,0,,,,,
393008,0,0,0,,,,,
393019,0,0,0,,,,,
393030,0,0,0,,,,,
393040,0,0,0,,,,,
393052,0,0,0,,,,,
393063,0,0,0,,,,,
393077,0,0,0,,,,,
393089,0,0,0,,,,,
393100,0,0,0,,,,,
393111,0,0,0,,,,,
393121,0,0,0,,,,,
393133,0,0,0,,,,,
393144,0,0,0,,,,,
393155,0,0,0,,,,,
393166,0,0,0,,,,,
393178,0,0,0,,,,,
393189,0,0,0,,,,,
393200,0,0,0,,,,,
393210,0,0,0,,,,,
393222,0,0,0,,,,,
393233,0,0,0,,,,,
393244,0,0,0,,,,,
393255,0,0,0,,,,,
393267,0,0,0,,,,,
393277,0,0,0,,,,,
393288,0,0,0,,,,,
393299,0,0,0,,,,,
393311,0,0,0,,,,,
393322,0,0,0,,,,,
393333,0,0,0,,,,,
393345,0,0,0,,,,,
393355,0,0,0,,,,,
393366,0,0,0,,,,,
393377,0,0,0,,,,,
393389,0,0,0,,,,,
393400,0,0,0,,,,,
393411,0,0,0,,,,,
393422,0,0,0,,,,,
393434,0,0,0,,,,,
393444,0,0,0,,,,,
393455,0,0,0,,,,,
393466,0,0,0,,,,,
393478,0,0,0,,,,,
393492,0,0,0,,,,,
393503,0,0,0,,,,,
393515,0,0,0,,,,,
393525,0,0,0,,,,,
393536,0,0,0,,,,,
393547,0,0,0,,,,,
393559,0,0,0,,,,,
393570,0,0,0,,,,,
393581,0,0,0,,,,,
393592,0,0,0,,,,,
393604,0,0,0,,,,,
393614,0,0,0,,,,,
393625,0,0,0,,,,,
393636,0,0,0,,,,,
393648,0,0,0,,,,,
393659,0,0,0,,,,,
393670,0,0,0,,,,,
393681,0,0,0,,,,,
393692,0,0,0,,,,,
393703,0,0,0,,,,,
393714,0,0,0,,,,,
393725,0,0,0,,,,,
393737,0,0,0,,,,,
393748,0,0,0,,,,,
393758,0,0,0,,,,,
393769,0,0,0,,,,,
393781,0,0,0,,,,,
393792,0,0,0,,,,,
393803,0,0,0,,,,,
393815,0,0,0,,,,,
393826,0,0,0,,,,,
393836,0,0,0,,,,,
393847,0,0,0,,,,,
393859,0,0,0,,,,,
393870,0,0,0,,,,,
393881,0,0,0,,,,,
393906,0,0,0,,,,,
393917,0,0,0,,,,,
393928,0,0,0,,,,,
393939,0,0,0,,,,,
393951,0,0,0,,,,,
393961,0,0,0,,,,,
393972,0,0,0,,,,,
393984,0,0,0,,,,,
393995,0,0,0,,,,,
394006,0,0,0,,,,,
394017,0,0,0,,,,,
394029,0,0,0,,,,,
394040,0,0,0,,,,,
394050,0,0,0,,,,,
394061,0,0,0,,,,,
394073,0,0,0,,,,,
394084,0,0,0,,,,,
394095,0,0,0,,,,,
394106,0,0,0,,,,,
394117,0,0,0,,,,,
394128,0,0,0,,,,,
394139,0,0,0,,,,,
394150,0,0,0,,,,,
394162,0,0,0,,,,,
394173,0,0,0,,,,,
394184,0,0,0,,,,,
394194,0,0,0,,,,,
394206,0,0,0,,,,,
394217,0,0,0,,,,,
394228,0,0,0,,,,,
394240,0,0,0,,,,,
394251,0,0,0,,,,,
394262,0,0,0,,,,,
394272,0,0,0,,,,,
394284,0,0,0,,,,,
394295,0,0,0,,,,,
394306,0,0,0,,,,,
394320,0,0,0,,,,,
394332,0,0,0,,,,,
394343,0,0,0,,,,,
394354,0,0,0,,,,,
394365,0,0,0,,,,,
394403,0,0,0,,,,,
394415,0,0,0,,,,,
394426,0,0,0,,,,,
394437,0,0,0,,,,,
394448,0,0,0,,,,,
394460,0,0,0,,,,,
394470,0,0,0,,,,,
394481,0,0,0,,,,,
394492,0,0,0,,,,,
394504,0,0,0,,,,,
394515,0,0,0,,,,,
394526,0,0,0,,,,,
394537,0,0,0,,,,,
394549,0,0,0,,,,,
394560,0,0,0,,,,,
394571,0,0,0,,,,,
394582,0,0,0,,,,,
394593,0,0,0,,,,,
394604,0,0,0,,,,,
394615,0,0,0,,,,,
394627,0,0,0,,,,,
394638,0,0,0,,,,,
394648,0,0,0,,,,,
394659,0,0,0,,,,,
394671,0,0,0,,,,,
394682,0,0,0,,,,,
394693,0,0,0,,,,,
394704,0,0,0,,,,,
394716,0,0,0,,,,,
394727,0,0,0,,,,,
394737,0,0,0,,,,,
394748,0,0,0,,,,,
394763,0,0,0,,,,,
394774,0,0,0,,,,,
394785,0,0,0,,,,,
394797,0,0,0,,,,,
394807,0,0,0,,,,,
394818,0,0,0,,,,,
394829,0,0,0,,,,,
394841,0,0,0,,,,,
394852,0,0,0,,,,,
394863,0,0,0,,,,,
394873,0,0,0,,,,,
394885,0,0,0,,,,,
394896,0,0,0,,,,,
394907,0,0,0,,,,,
394918,0,0,0,,,,,
394930,0,0,0,,,,,
394941,0,0,0,,,,,
394951,0,0,0,,,,,
394962,0,0,0,,,,,
394974,0,0,0,,,,,
394985,0,0,0,,,,,
394996,0,0,0,,,,,
395008,0,0,0,,,,,
395018,0,0,0,,,,,
395029,0,0,0,,,,,
395040,0,0,0,,,,,
395052,0,0,0,,,,,
395063,0,0,0,,,,,
395074,0,0,0,,,,,
395085,0,0,0,,,,,
395096,0,0,0,,,,,
395107,0,0,0,,,,,
395118,0,0,0,,,,,
395129,0,0,0,,,,,
395141,0,0,0,,,,,
395152,0,0,0,,,,,
395166,0,0,0,,,,,
395176,0,0,0,,,,,
395188,0,0,0,,,,,
395199,0,0,0,,,,,
395210,0,0,0,,,,,
395222,0,0,0,,,,,
395233,0,0,0,,,,,
395244,0,0,0,,,,,
395254,0,0,0,,,,,
395266,0,0,0,,,,,
395277,0,0,0,,,,,
395288,0,0,0,,,,,
395299,0,0,0,,,,,
395311,0,0,0,,,,,
395321,0,0,0,,,,,
395332,0,0,0,,,,,
395343,0,0,0,,,,,
395355,0,0,0,,,,,
395366,0,0,0,,,,,
395377,0,0,0,,,,,
395388,0,0,0,,,,,
395399,0,0,0,,,,,
395410,0,0,0,,,,,
395421,0,0,0,,,,,
395432,0,0,0,,,,,
395444,0,0,0,,,,,
395455,0,0,0,,,,,
395466,0,0,0,,,,,
395476,0,0,0,,,,,
395488,0,0,0,,,,,
395499,0,0,0,,,,,
395510,0,0,0,,,,,
395522,0,0,0,,,,,
395533,0,0,0,,,,,
395544,0,0,0,,,,,
395555,0,0,0,,,,,
395566,0,0,0,,,,,
395580,0,0,0,,,,,
395591,0,0,0,,,,,
395602,0,0,0,,,,,
395614,0,0,0,,,,,
395625,0,0,0,,,,,
395635,0,0,0,,,,,
395646,0,0,0,,,,,
395658,0,0,0,,,,,
395669,0,0,0,,,,,
395680,0,0,0,,,,,
395692,0,0,0,,,,,
395703,0,0,0,,,,,
395713,0,0,0,,,,,
395724,0,0,0,,,,,
395736,0,0,0,,,,,
395747,0,0,0,,,,,
395758,0,0,0,,,,,
395769,0,0,0,,,,,
395781,0,0,0,,,,,
395791,0,0,0,,,,,
395802,0,0,0,,,,,
395813,0,0,0,,,,,
395825,0,0,0,,,,,
395836,0,0,0,,,,,
395847,0,0,0,,,,,
395857,0,0,0,,,,,
395869,0,0,0,,,,,
395880,0,0,0,,,,,
395891,0,0,0,,,,,
395902,0,0,0,,,,,
395914,0,0,0,,,,,
395925,0,0,0,,,,,
395935,0,0,0,,,,,
395947,0,0,0,,,,,
395958,0,0,0,,,,,
395969,0,0,0,,,,,
395983,0,0,0,,,,,
395995,0,0,0,,,,,
396006,0,0,0,,,,,
396016,0,0,0,,,,,
396027,0,0,0,,,,,
396039,0,0,0,,,,,
396050,0,0,0,,,,,
396061,0,0,0,,,,,
396072,0,0,0,,,,,
396083,0,0,0,,,,,
396094,0,0,0,,,,,
396105,0,0,0,,,,,
396116,0,0,0,,,,,
396128,0,0,0,,,,,
396139,0,0,0,,,,,
396150,0,0,0,,,,,
396161,0,0,0,,,,,
396172,0,0,0,,,,,
396183,0,0,0,,,,,
396194,0,0,0,,,,,
396206,0,0,0,,,,,
396217,0,0,0,,,,,
396228,0,0,0,,,,,
396238,0,0,0,,,,,
396250,0,0,0,,,,,
396261,0,0,0,,,,,
396272,0,0,0,,,,,
396283,0,0,0,,,,,
396295,0,0,0,,,,,
396305,0,0,0,,,,,
396316,0,0,0,,,,,
396327,0,0,0,,,,,
396339,0,0,0,,,,,
396350,0,0,0,,,,,
396361,0,0,0,,,,,
396372,0,0,0,,,,,
396383,0,0,0,,,,,
396397,0,0,0,,,,,
396408,0,0,0,,,,,
396420,0,0,0,,,,,
396431,0,0,0,,,,,
396442,0,0,0,,,,,
396453,0,0,0,,,,,
396464,0,0,0,,,,,
396475,0,0,0,,,,,
396486,0,0,0,,,,,
396497,0,0,0,,,,,
396509,0,0,0,,,,,
396520,0,0,0,,,,,
396531,0,0,0,,,,,
396541,0,0,0,,,,,
396553,0,0,0,,,,,
396564,0,0,0,,,,,
396575,0,0,0,,,,,
396587,0,0,0,,,,,
396598,0,0,0,,,,,
396608,0,0,0,,,,,
396619,0,0,0,,,,,
396631,0,0,0,,,,,
396642,0,0,0,,,,,
396653,0,0,0,,,,,
396664,0,0,0,,,,,
396676,0,0,0,,,,,
396686,0,0,0,,,,,
396697,0,0,0,,,,,
396708,0,0,0,,,,,
396720,0,0,0,,,,,
396731,0,0,0,,,,,
396742,0,0,0,,,,,
396753,0,0,0,,,,,
396764,0,0,0,,,,,
396775,0,0,0,,,,,
396786,0,0,0,,,,,
396801,0,0,0,,,,,
396812,0,0,0,,,,,
396823,0,0,0,,,,,
396833,0,0,0,,,,,
396845,0,0,0,,,,,
396856,0,0,0,,,,,
396867,0,0,0,,,,,
396878,0,0,0,,,,,
396890,0,0,0,,,,,
396901,0,0,0,,,,,
396911,0,0,0,,,,,
396922,0,0,0,,,,,
396934,0,0,0,,,,,
396945,0,0,0,,,,,
396956,0,0,0,,,,,
396967,0,0,0,,,,,
396978,0,0,0,,,,,
396989,0,0,0,,,,,
397000,0,0,0,,,,,
397011,0,0,0,,,,,
397023,0,0,0,,,,,
397034,0,0,0,,,,,
397044,0,0,0,,,,,
397056,0,0,0,,,,,
397067,0,0,0,,,,,
397078,0,0,0,,,,,
397089,0,0,0,,,,,
397101,0,0,0,,,,,
397112,0,0,0,,,,,
397122,0,0,0,,,,,
397133,0,0,0,,,,,
397145,0,0,0,,,,,
397156,0,0,0,,,,,
397167,0,0,0,,,,,
397178,0,0,0,,,,,
397190,0,0,0,,,,,
397200,0,0,0,,,,,
397214,0,0,0,,,,,
397248,0,0,0,,,,,
397259,0,0,0,,,,,
397271,0,0,0,,,,,
397281,0,0,0,,,,,
397292,0,0,0,,,,,
397303,0,0,0,,,,,
397315,0,0,0,,,,,
397326,0,0,0,,,,,
397337,0,0,0,,,,,
397348,0,0,0,,,,,
397360,0,0,0,,,,,
397371,0,0,0,,,,,
397382,0,0,0,,,,,
397393,0,0,0,,,,,
397404,0,0,0,,,,,
397415,0,0,0,,,,,
397426,0,0,0,,,,,
397437,0,0,0,,,,,
397449,0,0,0,,,,,
397460,0,0,0,,,,,
397471,0,0,0,,,,,
397483,0,0,0,,,,,
397494,0,0,0,,,,,
397504,0,0,0,,,,,
397515,0,0,0,,,,,
397527,0,0,0,,,,,
397538,0,0,0,,,,,
397549,0,0,0,,,,,
397560,0,0,0,,,,,
397572,0,0,0,,,,,
397582,0,0,0,,,,,
397593,0,0,0,,,,,
397604,0,0,0,,,,,
397616,0,0,0,,,,,
397627,0,0,0,,,,,
397638,0,0,0,,,,,
397652,0,0,0,,,,,
397664,0,0,0,,,,,
397674,0,0,0,,,,,
397685,0,0,0,,,,,
397697,0,0,0,,,,,
397708,0,0,0,,,,,
397719,0,0,0,,,,,
397730,0,0,0,,,,,
397742,0,0,0,,,,,
397753,0,0,0,,,,,
397763,0,0,0,,,,,
397774,0,0,0,,,,,
397786,0,0,0,,,,,
397797,0,0,0,,,,,
397808,0,0,0,,,,,
397819,0,0,0,,,,,
397831,0,0,0,,,,,
397841,0,0,0,,,,,
397852,0,0,0,,,,,
397863,0,0,0,,,,,
397875,0,0,0,,,,,
397886,0,0,0,,,,,
397897,0,0,0,,,,,
397908,0,0,0,,,,,
397919,0,0,0,,,,,
397930,0,0,0,,,,,
397941,0,0,0,,,,,
397953,0,0,0,,,,,
397964,0,0,0,,,,,
397975,0,0,0,,,,,
397986,0,0,0,,,,,
397997,0,0,0,,,,,
398008,0,0,0,,,,,
398019,0,0,0,,,,,
398030,0,0,0,,,,,
398042,0,0,0,,,,,
398056,0,0,0,,,,,
398067,0,0,0,,,,,
398077,0,0,0,,,,,
398089,0,0,0,,,,,
398100,0,1,0,,,,,
398111,0,0,0,,,,,
398123,0,1,0,,,,,
398134,0,0,0,,,,,
398145,0,0,0,,,,,
398156,0,0,0,,,,,
398167,0,0,0,,,,,
398178,0,0,0,,,,,
398189,0,0,0,,,,,
398200,0,0,0,,,,,
398212,0,0,0,,,,,
398223,0,0,0,,,,,
398234,0,0,0,,,,,
398245,0,0,0,,,,,
398256,0,0,0,,,,,
398267,0,0,0,,,,,
398278,0,0,0,,,,,
398289,0,0,0,,,,,
398301,0,0,0,,,,,
398312,0,0,0,,,,,
398323,0,0,0,,,,,
398334,0,0,0,,,,,
398345,0,0,0,,,,,
398356,0,0,0,,,,,
398367,0,0,0,,,,,
398379,0,0,0,,,,,
398390,0,0,0,,,,,
398401,0,0,0,,,,,
398412,0,0,0,,,,,
398424,0,0,0,,,,,
398434,0,0,0,,,,,
398445,0,0,0,,,,,
398456,0,0,0,,,,,
398471,0,0,0,,,,,
398482,0,0,0,,,,,
398493,0,0,0,,,,,
398504,0,0,0,,,,,
398515,0,0,0,,,,,
398526,0,0,0,,,,,
398537,0,0,0,,,,,
398548,0,0,0,,,,,
398560,0,0,0,,,,,
398571,0,0,0,,,,,
398582,0,0,0,,,,,
398594,0,0,0,,,,,
398604,0,0,0,,,,,
398615,0,0,0,,,,,
398626,0,0,0,,,,,
398638,0,0,0,,,,,
398649,0,0,0,,,,,
398660,0,0,0,,,,,
398671,0,0,0,,,,,
398682,0,0,0,,,,,
398693,0,0,0,,,,,
398704,0,0,0,,,,,
398715,0,0,0,,,,,
398727,0,0,0,,,,,
398738,0,0,0,,,,,
398749,0,0,0,,,,,
398759,0,0,0,,,,,
398771,0,0,0,,,,,
398782,0,0,0,,,,,
398793,0,0,0,,,,,
398804,0,0,0,,,,,
398816,0,0,0,,,,,
398827,0,0,0,,,,,
398837,0,0,0,,,,,
398849,0,0,0,,,,,
398860,0,0,0,,,,,
398874,0,0,0,,,,,
398885,0,0,0,,,,,
398897,0,0,0,,,,,
398908,0,0,0,,,,,
398919,0,0,0,,,,,
398929,0,0,0,,,,,
398941,0,0,0,,,,,
398952,0,0,0,,,,,
398963,0,0,0,,,,,
398974,0,0,0,,,,,
398986,0,0,0,,,,,
398997,0,0,0,,,,,
399007,0,0,0,,,,,
399019,0,0,0,,,,,
399030,0,0,0,,,,,
399041,0,0,0,,,,,
399052,0,0,0,,,,,
399064,0,0,0,,,,,
399075,0,0,0,,,,,
399085,0,0,0,,,,,
399096,0,0,0,,,,,
399108,0,0,0,,,,,
399119,0,0,0,,,,,
399130,0,0,0,,,,,
399141,0,0,0,,,,,
399152,0,0,0,,,,,
399163,0,0,0,,,,,
399174,0,0,0,,,,,
399185,0,0,0,,,,,
399197,0,0,0,,,,,
399208,0,0,0,,,,,
399219,0,0,0,,,,,
399229,0,0,0,,,,,
399241,0,0,0,,,,,
399252,0,0,0,,,,,
399263,0,0,0,,,,,
399275,0,0,0,,,,,
399289,0,0,0,,,,,
399300,0,0,0,,,,,
399310,0,0,0,,,,,
399322,0,0,0,,,,,
399333,0,0,0,,,,,
399344,0,0,0,,,,,
399355,0,0,0,,,,,
399367,0,0,0,,,,,
399378,0,0,0,,,,,
399388,0,0,0,,,,,
399399,0,0,0,,,,,
399411,0,0,0,,,,,
399422,0,0,0,,,,,
399433,0,0,0,,,,,
399444,0,0,0,,,,,
399456,0,0,0,,,,,
399466,0,0,0,,,,,
399477,0,0,0,,,,,
399489,0,0,0,,,,,
399500,0,0,0,,,,,
399511,0,0,0,,,,,
399522,0,0,0,,,,,
399533,0,0,0,,,,,
399544,0,0,0,,,,,
399555,0,0,0,,,,,
399566,0,0,0,,,,,
399578,0,0,0,,,,,
399589,0,0,0,,,,,
399600,0,0,0,,,,,
399610,0,0,0,,,,,
399622,0,0,0,,,,,
399633,0,0,0,,,,,
399644,0,0,0,,,,,
399655,0,0,0,,,,,
399667,0,0,0,,,,,
399677,0,0,0,,,,,
399691,0,0,0,,,,,
399703,0,0,0,,,,,
399714,0,0,0,,,,,
399725,0,0,0,,,,,
399736,0,0,0,,,,,
399748,0,0,0,,,,,
399758,0,0,0,,,,,
399769,0,0,0,,,,,
399780,0,0,0,,,,,
399792,0,0,0,,,,,
399803,0,0,0,,,,,
399814,0,0,0,,,,,
399825,0,0,0,,,,,
399836,0,0,0,,,,,
399847,0,0,0,,,,,
399858,0,0,0,,,,,
399869,0,0,0,,,,,
399881,0,0,0,,,,,
399892,0,0,0,,,,,
399903,0,0,0,,,,,
399913,0,0,0,,,,,
399925,0,0,0,,,,,
399936,0,0,0,,,,,
399947,0,0,0,,,,,
399959,0,0,0,,,,,
399970,0,0,0,,,,,
399981,0,0,0,,,,,
399991,0,0,0,,,,,
400003,0,0,0,,,,,
400014,0,0,0,,,,,
400025,0,0,0,,,,,
400036,0,0,0,,,,,
400048,0,0,0,,,,,
400059,0,0,0,,,,,
400078,0,0,0,,,,,
400104,0,0,0,,,,,
400114,0,0,0,,,,,
400129,0,0,0,,,,,
400140,0,0,0,,,,,
400151,0,0,0,,,,,
400162,0,0,0,,,,,
400174,0,0,0,,,,,
400185,0,0,0,,,,,
400196,0,0,0,,,,,
400206,0,0,0,,,,,
400218,0,0,0,,,,,
400229,0,0,0,,,,,
400240,0,0,0,,,,,
400251,0,0,0,,,,,
400263,0,0,0,,,,,
400274,0,0,0,,,,,
400285,0,0,0,,,,,
400296,0,0,0,,,,,
400307,0,0,0,,,,,
400318,0,0,0,,,,,
400329,0,0,0,,,,,
400340,0,0,0,,,,,
400352,0,0,0,,,,,
400363,0,0,0,,,,,
400374,0,0,0,,,,,
400385,0,0,0,,,,,
400396,0,0,0,,,,,
400407,0,0,0,,,,,
400418,0,0,0,,,,,
400430,0,0,0,,,,,
400441,0,0,0,,,,,
400451,0,0,0,,,,,
400462,0,0,0,,,,,
400474,0,0,0,,,,,
400485,0,0,0,,,,,
400496,0,0,0,,,,,
400507,0,0,0,,,,,
400518,0,0,0,,,,,
400529,0,0,0,,,,,
400543,0,0,0,,,,,
400555,0,0,0,,,,,
400566,0,0,0,,,,,
400577,0,0,0,,,,,
400588,0,0,0,,,,,
400599,0,0,0,,,,,
400610,0,0,0,,,,,
400621,0,0,0,,,,,
400632,0,0,0,,,,,
400644,0,0,0,,,,,
400655,0,0,0,,,,,
400666,0,0,0,,,,,
400676,0,0,0,,,,,
400688,0,0,0,,,,,
400699,0,0,0,,,,,
400710,0,0,0,,,,,
400721,0,0,0,,,,,
400733,0,0,0,,,,,
400744,0,0,0,,,,,
400754,0,0,0,,,,,
400765,0,0,0,,,,,
400777,0,0,0,,,,,
400788,0,0,0,,,,,
400799,0,0,0,,,,,
400811,0,0,0,,,,,
400822,0,0,0,,,,,
400832,0,0,0,,,,,
400843,0,0,0,,,,,
400855,0,0,0,,,,,
400866,0,0,0,,,,,
400877,0,0,0,,,,,
400888,0,0,0,,,,,
400899,0,0,0,,,,,
400910,0,0,0,,,,,
400921,0,0,0,,,,,
400932,0,0,0,,,,,
400947,0,0,0,,,,,
400958,0,0,0,,,,,
400969,0,0,0,,,,,
400979,0,0,0,,,,,
400991,0,0,0,,,,,
401002,0,0,0,,,,,
401013,0,0,0,,,,,
401025,0,0,0,,,,,
401036,0,0,0,,,,,
401047,0,0,0,,,,,
401057,0,0,0,,,,,
401069,0,0,0,,,,,
401080,0,0,0,,,,,
401091,0,0,0,,,,,
401102,0,0,0,,,,,
401114,0,0,0,,,,,
401125,0,0,0,,,,,
401135,0,0,0,,,,,
401146,0,0,0,,,,,
401158,0,0,0,,,,,
401169,0,0,0,,,,,
401180,0,0,0,,,,,
401191,0,0,0,,,,,
401202,0,0,0,,,,,
401213,0,0,0,,,,,
401224,0,0,0,,,,,
401235,0,0,0,,,,,
401247,0,0,0,,,,,
401258,0,0,0,,,,,
401269,0,0,0,,,,,
401280,0,0,0,,,,,
401291,0,0,0,,,,,
401302,0,0,0,,,,,
401313,0,0,0,,,,,
401325,0,0,0,,,,,
401336,0,0,0,,,,,
401347,0,0,0,,,,,
401360,0,0,0,,,,,
401372,0,0,0,,,,,
401383,0,0,0,,,,,
401394,0,0,0,,,,,
401405,0,0,0,,,,,
401417,0,0,0,,,,,
401428,0,0,0,,,,,
401438,0,0,0,,,,,
401449,0,0,0,,,,,
401461,0,0,0,,,,,
401472,0,0,0,,,,,
401483,0,0,0,,,,,
401495,0,0,0,,,,,
401505,0,0,0,,,,,
401516,0,0,0,,,,,
401527,0,0,0,,,,,
401539,0,0,0,,,,,
401550,0,0,0,,,,,
401561,0,0,0,,,,,
401572,0,0,0,,,,,
401583,0,0,0,,,,,
401594,0,0,0,,,,,
401605,0,0,0,,,,,
401616,0,0,0,,,,,
401628,0,0,0,,,,,
401639,0,0,0,,,,,
401650,0,0,0,,,,,
401660,0,0,0,,,,,
401672,0,0,0,,,,,
401683,0,0,0,,,,,
401694,0,0,0,,,,,
401705,0,0,0,,,,,
401717,0,0,0,,,,,
401727,0,0,0,,,,,
401738,0,0,0,,,,,
401750,0,0,0,,,,,
401764,0,0,0,,,,,
401775,0,0,0,,,,,
401786,0,0,0,,,,,
401798,0,0,0,,,,,
401808,0,0,0,,,,,
401819,0,0,0,,,,,
401830,0,0,0,,,,,
401842,0,0,0,,,,,
401853,0,0,0,,,,,
401864,0,0,0,,,,,
401875,0,0,0,,,,,
401886,0,0,0,,,,,
401897,0,0,0,,,,,
401908,0,0,0,,,,,
401920,0,0,0,,,,,
401931,0,0,0,,,,,
401942,0,0,0,,,,,
401952,0,0,0,,,,,
401964,0,0,0,,,,,
401975,0,0,0,,,,,
401986,0,0,0,,,,,
401997,0,0,0,,,,,
402009,0,0,0,,,,,
402020,0,0,0,,,,,
402030,0,0,0,,,,,
402041,0,0,0,,,,,
402053,0,0,0,,,,,
402064,0,0,0,,,,,
402075,0,0,0,,,,,
402086,0,0,0,,,,,
402098,0,0,0,,,,,
402108,0,0,0,,,,,
402119,0,0,0,,,,,
402130,0,0,0,,,,,
402142,0,0,0,,,,,
402153,0,0,0,,,,,
402164,0,0,0,,,,,
402179,0,0,0,,,,,
402189,0,0,0,,,,,
402200,0,0,0,,,,,
402211,0,0,0,,,,,
402223,0,0,0,,,,,
402234,0,0,0,,,,,
402245,0,0,0,,,,,
402255,0,0,0,,,,,
402267,0,0,0,,,,,
402278,0,0,0,,,,,
402289,0,0,0,,,,,
402300,0,0,0,,,,,
402312,0,0,0,,,,,
402323,0,0,0,,,,,
402333,0,0,0,,,,,
402344,0,0,0,,,,,
402356,0,0,0,,,,,
402367,0,0,0,,,,,
402378,0,0,0,,,,,
402390,0,0,0,,,,,
402401,0,0,0,,,,,
402411,0,0,0,,,,,
402422,0,0,0,,,,,
402434,0,0,0,,,,,
402445,0,0,0,,,,,
402456,0,0,0,,,,,
402467,0,0,0,,,,,
402478,0,0,0,,,,,
402489,0,0,0,,,,,
402500,0,0,0,,,,,
402511,0,0,0,,,,,
402523,0,0,0,,,,,
402534,0,0,0,,,,,
402545,0,0,0,,,,,
402555,0,0,0,,,,,
402567,0,0,0,,,,,
402581,0,0,0,,,,,
402592,0,0,0,,,,,
402604,0,0,0,,,,,
402615,0,0,0,,,,,
402626,0,0,0,,,,,
402636,0,0,0,,,,,
402648,0,0,0,,,,,
402659,0,0,0,,,,,
402670,0,0,0,,,,,
402681,0,0,0,,,,,
402693,0,0,0,,,,,
402704,0,0,0,,,,,
402714,0,0,0,,,,,
402725,0,0,0,,,,,
402737,0,0,0,,,,,
402748,0,0,0,,,,,
402759,0,0,0,,,,,
402770,0,0,0,,,,,
402781,0,0,0,,,,,
402792,0,0,0,,,,,
402803,0,0,0,,,,,
402814,0,0,0,,,,,
402826,0,0,0,,,,,
402837,0,0,0,,,,,
402848,0,0,0,,,,,
402859,0,0,0,,,,,
402870,0,0,0,,,,,
402881,0,0,0,,,,,
402892,0,0,0,,,,,
402904,0,0,0,,,,,
402923,0,0,0,,,,,
402949,0,0,0,,,,,
402960,0,0,0,,,,,
402971,0,0,0,,,,,
402982,0,0,0,,,,,
402994,0,0,0,,,,,
403005,0,0,0,,,,,
403019,0,0,0,,,,,
403031,0,0,0,,,,,
403041,0,0,0,,,,,
403052,0,0,0,,,,,
403063,0,0,0,,,,,
403075,0,0,0,,,,,
403086,0,0,0,,,,,
403097,0,0,0,,,,,
403108,0,0,0,,,,,
403120,0,0,0,,,,,
403131,0,0,0,,,,,
403142,0,0,0,,,,,
403153,0,0,0,,,,,
403164,0,0,0,,,,,
403175,0,0,0,,,,,
403186,0,0,0,,,,,
403197,0,0,0,,,,,
403209,0,0,0,,,,,
403220,0,0,0,,,,,
403231,0,0,0,,,,,
403241,0,0,0,,,,,
403253,0,0,0,,,,,
403264,0,0,0,,,,,
403275,0,0,0,,,,,
403287,0,0,0,,,,,
403298,0,0,0,,,,,
403309,0,0,0,,,,,
403320,0,0,0,,,,,
403331,0,0,0,,,,,
403342,0,0,0,,,,,
403353,0,0,0,,,,,
403364,0,0,0,,,,,
403376,0,0,0,,,,,
403387,0,0,0,,,,,
403398,0,0,0,,,,,
403408,0,0,0,,,,,
403420,0,0,0,,,,,
403434,0,0,0,,,,,
403445,0,0,0,,,,,
403457,0,0,0,,,,,
403468,0,0,0,,,,,
403479,0,0,0,,,,,
403489,0,0,0,,,,,
403501,0,0,0,,,,,
403512,0,0,0,,,,,
403523,0,0,0,,,,,
403534,0,0,0,,,,,
403546,0,0,0,,,,,
403557,0,0,0,,,,,
403568,0,0,0,,,,,
403578,0,0,0,,,,,
403590,0,0,0,,,,,
403601,0,0,0,,,,,
403612,0,0,0,,,,,
403623,0,0,0,,,,,
403635,0,0,0,,,,,
403646,0,0,0,,,,,
403657,0,0,0,,,,,
403667,0,0,0,,,,,
403679,0,0,0,,,,,
403690,0,0,0,,,,,
403701,0,0,0,,,,,
403713,0,0,0,,,,,
403724,0,0,0,,,,,
403735,0,0,0,,,,,
403746,0,0,0,,,,,
403757,0,0,0,,,,,
403768,0,0,0,,,,,
403779,0,0,0,,,,,
403790,0,0,0,,,,,
403802,0,0,0,,,,,
403813,0,0,0,,,,,
403824,0,0,0,,,,,
403838,0,0,0,,,,,
403849,0,0,0,,,,,
403860,0,0,0,,,,,
403871,0,0,0,,,,,
403883,0,0,0,,,,,
403894,0,0,0,,,,,
403905,0,0,0,,,,,
403916,0,0,0,,,,,
403927,0,0,0,,,,,
403938,0,0,0,,,,,
403949,0,0,0,,,,,
403960,0,0,0,,,,,
403972,0,0,0,,,,,
403983,0,0,0,,,,,
403994,0,0,0,,,,,
404005,0,0,0,,,,,
404016,0,0,0,,,,,
404027,0,0,0,,,,,
404038,0,0,0,,,,,
404049,0,0,0,,,,,
404061,0,0,0,,,,,
404072,0,0,0,,,,,
404083,0,0,0,,,,,
404093,0,0,0,,,,,
404105,0,0,0,,,,,
404116,0,0,0,,,,,
404127,0,0,0,,,,,
404139,0,0,0,,,,,
404150,0,0,0,,,,,
404161,0,0,0,,,,,
404172,0,0,0,,,,,
404183,0,0,0,,,,,
404194,0,0,0,,,,,
404205,0,0,0,,,,,
404216,0,0,0,,,,,
404228,0,0,0,,,,,
404239,0,0,0,,,,,
404253,0,0,0,,,,,
404264,0,0,0,,,,,
404275,0,0,0,,,,,
404286,0,0,0,,,,,
404297,0,0,0,,,,,
404308,0,0,0,,,,,
404320,0,0,0,,,,,
404331,0,0,0,,,,,
404342,0,0,0,,,,,
404354,0,0,0,,,,,
404364,0,0,0,,,,,
404375,0,0,0,,,,,
404386,0,0,0,,,,,
404398,0,0,0,,,,,
404409,0,0,0,,,,,
404420,0,0,0,,,,,
404431,0,0,0,,,,,
404442,0,0,0,,,,,
404453,0,0,0,,,,,
404464,0,0,0,,,,,
404475,0,0,0,,,,,
404487,0,0,0,,,,,
404498,0,0,0,,,,,
404509,0,0,0,,,,,
404520,0,0,0,,,,,
404531,0,0,0,,,,,
404542,0,0,0,,,,,
404553,0,0,0,,,,,
404564,0,0,0,,,,,
404576,0,0,0,,,,,
404587,0,0,0,,,,,
404598,0,0,0,,,,,
404610,0,0,0,,,,,
404620,0,0,0,,,,,
404631,0,0,0,,,,,
404642,0,0,0,,,,,
404657,0,0,0,,,,,
404668,0,0,0,,,,,
404679,0,0,0,,,,,
404690,0,0,0,,,,,
404702,0,0,0,,,,,
404712,0,0,0,,,,,
404723,0,0,0,,,,,
404734,0,0,0,,,,,
404746,0,0,0,,,,,
404757,0,0,0,,,,,
404768,0,0,0,,,,,
404779,0,0,0,,,,,
404790,0,0,0,,,,,
404801,0,0,0,,,,,
404812,0,0,0,,,,,
404824,0,0,0,,,,,
404835,0,0,0,,,,,
404846,0,0,0,,,,,
404856,0,0,0,,,,,
404868,0,0,0,,,,,
404879,0,0,0,,,,,
404890,0,0,0,,,,,
404901,0,0,0,,,,,
404913,0,0,0,,,,,
404924,0,0,0,,,,,
404935,0,0,0,,,,,
404945,0,0,0,,,,,
404957,0,0,0,,,,,
404968,0,0,0,,,,,
404979,0,0,0,,,,,
404990,0,0,0,,,,,
405002,0,0,0,,,,,
405013,0,0,0,,,,,
405024,0,0,0,,,,,
405035,0,0,0,,,,,
405046,0,0,0,,,,,
405057,0,0,0,,,,,
405071,0,0,0,,,,,
405083,0,0,0,,,,,
405094,0,0,0,,,,,
405105,0,0,0,,,,,
405115,0,0,0,,,,,
405127,0,0,0,,,,,
405138,0,0,0,,,,,
405149,0,0,0,,,,,
405160,0,0,0,,,,,
405172,0,0,0,,,,,
405183,0,0,0,,,,,
405194,0,0,0,,,,,
405204,0,0,0,,,,,
405216,0,0,0,,,,,
405227,0,0,0,,,,,
405238,0,0,0,,,,,
405250,0,0,0,,,,,
405261,0,0,0,,,,,
405272,0,0,0,,,,,
405282,0,0,0,,,,,
405294,0,0,0,,,,,
405305,0,0,0,,,,,
405316,0,0,0,,,,,
405327,0,0,0,,,,,
405339,0,0,0,,,,,
405349,0,0,0,,,,,
405360,0,0,0,,,,,
405371,0,0,0,,,,,
405383,0,0,0,,,,,
405394,0,0,0,,,,,
405405,0,0,0,,,,,
405416,0,0,0,,,,,
405427,0,0,0,,,,,
405438,0,0,0,,,,,
405449,0,0,0,,,,,
405460,0,0,0,,,,,
405475,0,0,0,,,,,
405486,0,0,0,,,,,
405497,0,0,0,,,,,
405509,0,0,0,,,,,
405519,0,0,0,,,,,
405530,0,0,0,,,,,
405541,0,0,0,,,,,
405553,0,0,0,,,,,
405564,0,0,0,,,,,
405575,0,0,0,,,,,
405586,0,0,0,,,,,
405598,0,0,0,,,,,
405608,0,0,0,,,,,
405619,0,0,0,,,,,
405630,0,0,0,,,,,
405642,0,0,0,,,,,
405653,0,0,0,,,,,
405664,0,0,0,,,,,
405676,0,0,0,,,,,
405687,0,0,0,,,,,
405697,0,0,0,,,,,
405708,0,0,0,,,,,
405720,0,0,0,,,,,
405731,0,0,0,,,,,
405742,0,0,0,,,,,
405753,0,0,0,,,,,
405773,0,0,0,,,,,
405799,0,0,0,,,,,
405810,0,0,0,,,,,
405821,0,0,0,,,,,
405832,0,0,0,,,,,
405843,0,0,0,,,,,
405855,0,0,0,,,,,
405866,0,0,0,,,,,
405877,0,0,0,,,,,
405888,0,0,0,,,,,
405899,0,0,0,,,,,
405913,0,0,0,,,,,
405924,0,0,0,,,,,
405936,0,0,0,,,,,
405947,0,0,0,,,,,
405958,0,0,0,,,,,
405969,0,0,0,,,,,
405981,0,0,0,,,,,
405992,0,0,0,,,,,
406002,0,0,0,,,,,
406013,0,0,0,,,,,
406025,0,0,0,,,,,
406036,0,0,0,,,,,
406047,0,0,0,,,,,
406059,0,0,0,,,,,
406070,0,0,0,,,,,
406080,0,0,0,,,,,
406091,0,0,0,,,,,
406103,0,0,0,,,,,
406114,0,0,0,,,,,
406125,0,0,0,,,,,
406136,0,0,0,,,,,
406147,0,0,0,,,,,
406158,0,0,0,,,,,
406169,0,0,0,,,,,
406180,0,0,0,,,,,
406192,0,0,0,,,,,
406203,0,0,0,,,,,
406214,0,0,0,,,,,
406224,0,0,0,,,,,
406236,0,0,0,,,,,
406247,0,0,0,,,,,
406258,0,0,0,,,,,
406269,0,0,0,,,,,
406281,0,0,0,,,,,
406292,0,0,0,,,,,
406302,0,0,0,,,,,
406313,0,0,0,,,,,
406328,0,0,0,,,,,
406339,0,0,0,,,,,
406350,0,0,0,,,,,
406362,0,0,0,,,,,
406372,0,0,0,,,,,
406383,0,0,0,,,,,
406394,0,0,0,,,,,
406406,0,0,0,,,,,
406417,0,0,0,,,,,
406428,0,0,0,,,,,
406439,0,0,0,,,,,
406450,0,0,0,,,,,
406461,0,0,0,,,,,
406472,0,0,0,,,,,
406483,0,0,0,,,,,
406495,0,0,0,,,,,
406506,0,0,0,,,,,
406517,0,0,0,,,,,
406528,0,0,0,,,,,
406539,0,0,0,,,,,
406550,0,0,0,,,,,
406561,0,0,0,,,,,
406573,0,0,0,,,,,
406584,0,0,0,,,,,
406594,0,0,0,,,,,
406605,0,0,0,,,,,
406617,0,0,0,,,,,
406628,0,0,0,,,,,
406639,0,0,0,,,,,
406650,0,0,0,,,,,
406662,0,0,0,,,,,
406672,0,0,0,,,,,
406683,0,0,0,,,,,
406694,0,0,0,,,,,
406706,0,0,0,,,,,
406717,0,0,0,,,,,
406731,0,0,0,,,,,
406743,0,0,0,,,,,
406753,0,0,0,,,,,
406764,0,0,0,,,,,
406775,0,0,0,,,,,
406787,0,0,0,,,,,
406798,0,0,0,,,,,
406809,0,0,0,,,,,
406820,0,0,0,,,,,
406831,0,0,0,,,,,
406842,0,0,0,,,,,
406853,0,0,0,,,,,
406864,0,0,0,,,,,
406876,0,0,0,,,,,
406887,0,0,0,,,,,
406897,0,0,0,,,,,
406908,0,0,0,,,,,
406920,0,0,0,,,,,
406931,0,0,0,,,,,
406942,0,0,0,,,,,
406953,0,0,0,,,,,
406965,0,0,0,,,,,
406975,0,0,0,,,,,
406986,0,0,0,,,,,
406998,0,0,0,,,,,
407009,0,0,0,,,,,
407020,0,0,0,,,,,
407031,0,0,0,,,,,
407043,0,0,0,,,,,
407053,0,0,0,,,,,
407064,0,0,0,,,,,
407075,0,0,0,,,,,
407087,0,0,0,,,,,
407098,0,0,0,,,,,
407109,0,0,0,,,,,
407119,0,0,0,,,,,
407131,0,0,0,,,,,
407145,0,0,0,,,,,
407156,0,0,0,,,,,
407168,0,0,0,,,,,
407179,0,0,0,,,,,
407190,0,0,0,,,,,
407200,0,0,0,,,,,
407212,0,0,0,,,,,
407223,0,0,0,,,,,
407234,0,0,0,,,,,
407245,0,0,0,,,,,
407257,0,0,0,,,,,
407268,0,0,0,,,,,
407278,0,0,0,,,,,
407289,0,0,0,,,,,
407301,0,0,0,,,,,
407312,0,0,0,,,,,
407323,0,0,0,,,,,
407334,0,0,0,,,,,
407346,0,0,0,,,,,
407356,0,0,0,,,,,
407367,0,0,0,,,,,
407378,0,0,0,,,,,
407390,0,0,0,,,,,
407401,0,0,0,,,,,
407412,0,0,0,,,,,
407422,0,0,0,,,,,
407434,0,0,0,,,,,
407445,0,0,0,,,,,
407456,0,0,0,,,,,
407468,0,0,0,,,,,
407479,0,0,0,,,,,
407490,0,0,0,,,,,
407500,0,0,0,,,,,
407512,0,0,0,,,,,
407523,0,0,0,,,,,
407534,0,0,0,,,,,
407548,0,0,0,,,,,
407560,0,0,0,,,,,
407571,0,0,0,,,,,
407581,0,0,0,,,,,
